1.8412411773,0.1347106833
0.4211937827,0.9130649178
0.4976539711,-0.3421733624
-0.9527848834,0.2271693521
0.4351435872,-0.3134723966
0.2686074797,-0.2782775101
-0.9066191840,0.2331657321
1.6479503528,-0.2639650735
0.9630995863,0.3068248512
0.4921142505,-0.3283740388
1.0360476695,0.1871359012
0.3798469435,-0.3043657964
0.0644833215,0.1355176744
-0.2262325373,0.9674982630
0.4211305450,0.9190897702
0.6527219639,0.6610572914
-0.6540266810,0.7316210602
0.9699747401,0.2469312838
1.5489975780,-0.4027192051
1.9504487157,0.0020179780
-0.4909881647,0.8005029550
1.4633548536,-0.2734514239
1.9888642292,0.4542965945
0.0773743793,0.2667245250
1.9783468668,0.2784626666
1.0720980848,0.3034430798
0.1643481073,0.0188849594
-0.9386725748,0.1691952268
-0.7635655540,0.5488006306
1.0775159765,0.0337537530
-0.3780584905,0.8817433389
-0.9882864918,0.1885376033
-0.2099555054,0.9952179182
-0.8777537249,0.3079732811
0.0192716029,0.2992708039
0.2145101241,0.9265283362
1.3674537283,-0.4062368684
0.3729356267,-0.2219282982
0.0224301604,0.2634416373
0.6889397413,0.7172728759
0.8701152883,0.3081372540
2.0542013213,0.2331605239
0.6547521263,0.6022113866
-0.2975951585,0.8979158571
1.2958531357,-0.4263970209
-0.8867600064,0.6355895085
0.0255049305,0.9834803051
-1.0657338218,0.4536104991
0.9063900947,0.1360881289
1.3857504549,-0.3203648412
1.1712397679,-0.4665862635
0.7429330596,0.7436361147
0.8829098298,-0.4738491557
0.7910863953,0.6152540255
-0.9979129148,0.2652291294
1.6038777992,-0.2301289801
0.2307938830,-0.2493852720
1.5883527782,-0.2454730272
0.2052810923,-0.1201275017
0.3724241994,0.9536783222
0.8676365143,-0.5077612605
-0.5048147333,0.7981276676
1.3781252531,-0.4945903020
0.0088434734,0.2397472123
1.9196383629,0.4842958442
1.8869347782,0.0676201603
-0.9880923429,0.1059349142
1.0455603198,-0.5206977693
0.9458074959,0.3691850448
0.9631439089,-0.4971979076
0.8191907176,-0.5224724355
0.2880908883,1.0211156008
0.6150648697,-0.4811322496
-0.0215362736,0.3757453985
-0.7345240456,0.7565929098
0.4906327523,0.8654788458
1.3369176467,-0.3182681625
-0.8452562611,0.6338747174
0.4335358351,0.9363967834
1.8347601011,-0.0427956782
0.9787411440,0.2079380407
-0.8537472457,0.5423850031
0.9202605245,-0.5671442601
1.1692340752,-0.3558222861
1.5262872983,-0.2421258158
1.0037801550,-0.5244658522
1.8352422768,-0.0094142038
0.0486039656,0.9875361712
0.6052332693,0.7223349569
1.4149296287,-0.4555342265
1.1784484491,-0.5227554680
1.6723640190,-0.3284670876
0.8062940911,0.6551051823
0.4949463942,0.8226999589
1.9966995869,0.0857048299
1.9504391366,0.0223132792
-0.4938582297,0.8858504128
0.2845611329,-0.1650966042
1.0347995621,-0.5460027755
1.9856908064,0.2170981890
-0.9716903103,0.2128641874
-1.0365984937,0.0806719635
0.2744577271,1.0059810785
0.5493045957,-0.4340365294
0.7912574968,0.6898887628
-0.8136710241,0.3881412868
-0.3603342158,0.9136011497
0.6997502396,0.7132437271
-0.3080918293,0.9869887935
-0.1787839804,0.9236626058
-0.8455906835,0.6825259516
0.6943755522,-0.5757724825
0.0277294399,0.4960726806
1.7894465339,-0.0715041955
-0.7243602989,0.6801526078
0.4071092423,0.9179919103
0.0653707537,0.1978111754
-1.0300637763,0.1312742193
0.4386455182,0.8565499552
1.3525423130,-0.4903907717
1.8554019258,-0.0207406618
0.0606962507,0.4107660402
0.0548282334,0.2107152646
0.0868055708,1.0277409423
0.3292060829,0.8788465938
1.0924540148,-0.5045886249
0.0809308191,0.9844263629
-0.9346904258,0.3744081504
0.1750746674,-0.0460269084
0.4108220408,0.8143879989
1.8979872874,0.1655925814
1.8620351477,0.1440468775
-0.6187991600,0.7796222175
-0.1033088876,1.0702362785
-0.8067277969,0.5637846509
0.2053106064,-0.1603169203
1.9784113447,0.4425293175
1.9646546770,0.2088333377
1.6088686555,-0.2500388496
1.1869622141,-0.5644691519
0.3188600087,-0.2861704381
0.5032988943,0.8092643050
1.4414943487,-0.4561244257
-0.8815467056,0.4555819702
1.1787785588,-0.6077650497
-0.1230797181,1.0149939308
-0.5409162898,0.8934407790
0.3129928697,-0.1984090666
0.7493342312,0.6202434267
0.9894660762,0.3605489162
1.5805531657,-0.3599105832
-1.0098278437,0.1123496284
-0.3698027212,1.0180910615
0.0840241002,-0.1116636700
0.6426182582,0.8118299977
0.8777748535,0.4638964826
-0.2008311394,1.0766494461
1.5528375713,-0.3792054617
-0.1517129501,0.9354363022
1.4647042804,-0.3890036544
-0.4457667812,0.9377431400
-0.8667741056,0.4582384252
0.9648237549,0.3022174761
0.2307398411,0.0136507047
1.9738328503,0.3837759851
0.8212372563,-0.5423556299
1.7183314886,-0.2855909524
0.2235259643,-0.1628324514
0.8471023130,0.6518569191
1.7952574229,-0.2043956676
-0.0007280344,0.2065912878
-0.5511108551,0.8323250581
2.0545609874,0.3743284486
1.8973378550,0.1233029805
0.2425544471,1.0079133167
0.4785433727,-0.3380995238
-0.6996329022,0.6560553929
0.5599440926,-0.3306474161
-0.9419766678,0.3410860892
1.4091594409,-0.4855101039
0.4612280452,-0.3222146131
-0.7930341948,0.6094735029
1.8577041110,0.0018306383
0.2306924844,-0.1123502691
-0.8315460221,0.5818950836
-0.6320531606,0.8652703207
2.0241482547,0.5084450312
1.5139605059,-0.3181475824
0.1823064962,-0.1274190556
0.2600381496,-0.1825537677
-0.3432135524,0.9778163345
0.7225888770,0.7517358841
0.6601583077,-0.3496479094
0.7595851514,0.7942925165
1.0164267626,0.0654449139
0.1553215879,1.0121125084
0.1185092871,0.2094292721
-0.9061300141,0.3763080986
-0.5820939921,0.7779765524
1.1322207468,-0.4574851748
2.0047968405,0.1308848479
-0.1430332692,1.0187597364
0.9154563756,0.4871074152
-0.6458678172,0.7698024163
0.2264021555,0.9964843685
0.7288351974,0.6991709580
0.8692528679,-0.5181358257
0.5415757663,-0.3877946492
0.1059095446,0.2831932493
1.0086196372,0.1188954535
1.6724369261,-0.2569373143
0.9041558322,0.2599541466
0.5870768465,0.9166945317
0.8020541433,0.5665941414
-0.5149963827,0.9061677614
1.9385629902,0.0109093335
0.1425832842,0.1120021353
0.4806778367,0.8695740901
0.2186684166,0.9655533254
0.2739008576,-0.2191272805
-0.9417311980,0.2630534012
0.8204034423,0.6519522636
-0.3044948317,0.9592278103
0.0516395802,-0.0023604728
1.8296215873,-0.0582210218
2.0548538260,0.3285531322
0.1563947376,1.0709175634
1.0120109763,0.3384209466
1.4556465064,-0.4322447448
0.3071064820,0.9999048036
2.0758864888,0.3865075314
0.7456295905,0.5819760391
1.5313515959,-0.4399511060
1.0082966232,-0.5073492252
1.7567056657,-0.2055053302
0.4954292087,0.8561648707
-0.0548933303,0.2715809649
-0.9410683660,0.4306327232
0.6300534293,-0.4143604855
-0.1944603055,1.0098408495
-0.7429924663,0.7359568139
1.1684404668,-0.4301494324
-0.1257845197,0.9824959994
-1.0014364972,0.2469651726
0.6629592346,-0.4270990973
0.9809953686,0.3136541716
-0.7858353393,0.4959453202
1.9799843970,0.2688986648
-0.9461833514,0.6093768366
0.4755653788,-0.3416945165
0.0034286498,0.5132183430
0.4960929707,0.7922482205
0.0887539424,0.1279694675
0.0791003681,0.9300936248
0.7850629077,-0.4729838264
-0.0530714248,0.3245622718
-0.2566217999,0.9350115506
-0.3540576530,0.9887971569
1.8982039691,0.1877930539
0.3490449207,-0.2055364163
0.9788891380,0.2244857934
1.9205725878,0.2310890405
0.9413339618,-0.0456056863
1.1394824971,-0.4478578471
-0.1127666889,0.3459233009
1.2262408008,-0.3778721437
0.4512434302,0.8565257111
0.8623313043,0.5591817489
0.7707629453,0.5559370203
-0.0102796752,0.2864330830
0.5927999902,-0.3293457807
2.0107740308,0.3837921611
-0.0004397175,0.9217403313
1.4257491459,-0.4282220394
1.9852653901,0.5529379130
2.0081760032,0.3463175334
-0.3618600577,0.9976515262
0.2163427905,0.9056413400
1.0192343620,-0.5330499719
0.8677341068,0.6871033792
1.9541844756,0.3487626773
0.8951120532,-0.4514816737
-0.3747287105,0.8746481690
0.6037363955,-0.3798672486
0.3987882735,-0.3315956096
0.9350807383,0.2056567601
0.6952281263,0.7524864712
1.6158807266,-0.2181735397
0.9697832148,0.2501733547
0.8198944368,0.5091102987
0.3394627520,-0.2096367917
1.3491837376,-0.3276046739
0.8213775799,-0.4619231193
1.3561681666,-0.4557271415
-0.2668650019,0.9441166242
0.5539848433,0.9039504755
0.9396765802,0.1980352600
1.7026010388,-0.2769776390
1.7575644796,-0.0344706551
0.2908730935,0.9729784773
-0.3034644939,0.9420968023
1.0136061832,0.2640678887
1.9541824023,0.2235992100
0.7147650214,-0.5101908560
-0.6913056730,0.6194160624
2.0293784914,0.3271322481
0.1942907436,-0.0391775761
0.4825554071,-0.3443899527
-1.0262378548,0.2099587153
0.9366010922,0.1535862058
0.0174374047,0.2277768623
1.3694477365,-0.4477039054
0.2776244890,-0.1832387564
-0.9533462974,0.0112384876
0.0410062772,0.3358499395
-0.0955994583,0.9650733112
1.1838379339,-0.4784372044
1.2282107750,-0.4530958824
1.8602457227,-0.0044897940
1.2495765338,-0.4854691635
1.0240710354,0.2329214347
1.5468122472,-0.3816128989
0.9190112580,0.4980604976
0.4707245933,0.8574442253
-1.0263659164,0.0237721940
-0.1570491611,0.9943327370
2.0077874249,0.2445509855
-0.3060015426,0.9304227644
1.4010266369,-0.4005969153
-0.7709004217,0.7439641948
0.1653997635,1.0217590707
-0.2381757744,1.0584427614
1.0469715298,-0.5157739981
-0.0873435035,0.9811039216
0.5152893187,0.7990124654
1.6243538706,-0.2893382136
0.4522400364,0.9999692681
0.8302653505,0.5410678919
0.0693037432,0.2013412267
1.6712222545,-0.1845474289
0.8166143112,-0.4476263462
0.5965008279,0.8596234680
1.8196132113,0.2365639293
-0.8979419334,0.4098294477
-0.1108096976,1.0593409258
1.3039385113,-0.4028280299
0.5336234443,0.9572513954
2.0598835223,0.3279644416
1.0367854246,-0.5795531884
-1.0101233100,0.0238291639
0.9608996250,0.5141734276
0.0611653699,1.0260603407
0.7304748492,-0.3776279572
1.3094097098,-0.4304988679
0.8889963777,0.3112281387
-0.3384088756,0.9495926348
1.7778323075,-0.1355566832
1.6272774594,-0.2206492021
0.5519075035,-0.3898862291
0.1686341762,-0.1223865530
0.0301224382,0.9613527395
0.5213956452,0.9298860806
-0.8815757288,0.6216605575
0.8115960881,0.6064992585
-0.4083925493,0.8703635933
0.0735523794,0.9561850732
1.6758842073,-0.2818850438
0.6247120835,0.8451816592
0.1485965636,-0.1537614791
0.5799078910,0.6630957446
1.1497261601,-0.4652217474
1.7369235629,-0.0333238438
0.9537322433,0.2164815835
1.7599600348,-0.1889733595
1.2733767003,-0.5025491236
1.0907755385,-0.5160856207
0.0507274413,0.9487613957
1.7153932456,-0.1880962748
1.9515637412,0.1973081501
0.8224107736,-0.4604485544
0.8215821157,-0.4217483487
-0.9435418192,0.3459160149
0.2767223039,0.9821084971
1.5692836916,-0.3388175249
0.8112355898,-0.4693411172
-0.7963198382,0.6789869122
-0.0629454528,0.9877145292
0.7798207467,-0.5709803276
-0.3768334591,0.9416169443
1.1037603153,-0.5467874876
1.8393417156,-0.1739723475
1.5265295569,-0.3569692605
0.1133983325,1.0780929343
-0.7227139615,0.7945486570
-0.0582516064,0.9605893470
-0.9246661207,0.0942151396
0.3874388193,-0.2660064936
1.6772354122,-0.1889876775
0.7213277329,0.6442487274
-0.0461894171,0.9106503286
-0.9436246081,0.1536677752
0.6739034453,0.6645563761
-0.8993097175,0.5255585917
-0.5844614560,0.8612792082
0.3129258133,1.0386949738
0.0074047486,0.2254080370
1.9158231457,0.4565617645
0.4587105342,0.9926541655
-0.0593251697,0.4012477424
0.2702279453,-0.1710890325
-0.3152105346,0.9827243625
-0.7007299589,0.7352254539
1.7600604439,-0.1801808779
-1.0052314322,0.1759046457
0.9707590671,0.2029252808
0.7002569642,-0.3780571538
0.7142876103,0.7125996257
1.0220141348,0.1430039533
0.8709874219,0.6016785068
1.7824519981,-0.0935234073
-0.5343546456,0.8337382974
0.4430246953,0.8715959102
0.6590262382,-0.2924032762
-0.2579118800,0.9821250797
0.5753251800,-0.4694861515
1.7711039892,-0.1167904575
0.4407708159,-0.3582272771
-0.0386576113,0.1953753695
-0.0534591478,0.4930950384
0.5847628558,-0.4007791209
0.1025712249,0.9591060697
1.2379791792,-0.3852083451
0.3338232151,-0.2716188983
-0.3040378718,0.9544769766
2.1235074129,0.2931561947
2.0100723840,0.4511187467
0.1392154711,0.1016128352
-0.9836284710,0.0244296737
0.3272547264,0.9323300266
1.0672351919,-0.5178266533
0.2172213283,0.9786648140
0.8794924490,0.5651963999
0.7099008089,-0.4164032243
-0.3976286356,0.9031829886
0.9497775657,-0.4310691896
-0.3450423021,1.1280891790
-0.9463616239,0.0520321451
0.7865760300,-0.4632775352
-0.5786431838,0.8287146388
0.3392545834,-0.2207329647
0.8934279012,0.4214566899
0.5569780833,-0.3445725407
1.0296580574,-0.1407299984
0.2647329887,-0.1306386169
1.9166567508,0.0830510273
1.4319782326,-0.3793355823
0.4449275496,0.8956575150
1.7010497167,-0.2308351481
1.0831951731,-0.4502999971
0.0995211386,1.0243083821
0.7086506937,0.7660006111
0.3466109196,0.9471217462
-0.6485051637,0.7629265653
0.0602812042,0.4945449929
0.2066832934,1.0354632512
0.6569847302,0.7086525059
0.8290583906,0.5096337433
-1.0160107911,0.1803407198
0.6801555656,0.6788077297
-1.0719034985,0.2228807716
0.1706106361,0.9444945289
-0.2658684431,1.0011846406
-0.9210127313,0.5034662326
0.3056025298,-0.3018078826
1.5684562642,-0.3595674281
0.0292154611,0.8989058480
-0.5058601959,0.7812172526
0.2656106460,0.9787698156
0.7215963552,0.6914307320
0.7595193160,-0.4867938888
1.9504953268,0.0524458174
0.8678851630,-0.5143625250
0.7469067763,0.6589851689
0.2924953891,0.9885036989
0.7006684748,-0.2978883036
0.4505610566,-0.3477443629
-0.6282745778,0.6905687903
0.5265411595,0.8071640167
-0.9999697042,0.2351725085
0.3229651163,0.9874168228
1.2045371878,-0.4793259735
0.2157508345,0.9804405889
1.9649839445,0.0735969166
-0.1349319514,0.9795954180
-0.7804888887,0.6600024438
-0.7650590792,0.7149506784
0.5770194815,-0.3902145550
0.3263340922,0.9520181053
1.3718652630,-0.4410323932
-0.5609521461,0.7895629215
1.5597124390,-0.2383892842
-0.0807917179,1.0347021607
-0.9321687737,0.2586314776
0.6638907017,-0.4303634553
1.3007742378,-0.4592037411
2.0130404348,0.3726275685
0.9348828573,-0.5208176215
0.8406611360,0.5716628090
1.9106441265,0.2007141455
0.0964089866,-0.0432301551
0.8350627579,0.5021124843
0.5845385288,0.8671716806
-0.1758606975,0.9963798987
0.8947405296,-0.5475996545
1.9780754964,0.1189825214
1.4921316678,-0.4422317283
-0.9684802112,0.4953052293
0.6747608290,0.7097101498
1.1115534456,-0.4316369877
-0.0537599804,0.4754161823
1.6480421576,-0.1889476226
0.3767593400,0.9496165029
1.4809421952,-0.3694094732
-0.6395363525,0.7169448221
-0.6330236576,0.7166418634
-0.7774744389,0.5930701410
-0.1862615119,0.9887567701
0.6179048808,0.9068237021
-0.8859689587,0.4524351903
0.2968015509,-0.1825249365
-0.0456999763,0.3929175726
2.0073442477,0.2991780760
1.0208114387,0.0481344022
-0.5735578874,0.8241390106
-0.9696293411,0.2776439310
2.0031155920,0.5145977175
1.1640680124,-0.5474981437
-0.9465367839,0.2998742218
0.1169478055,1.0063180174
1.9864476134,0.5053641273
0.7304479779,0.5443232263
0.1974335772,-0.1856056796
0.0061277053,0.4109740255
0.0847067765,0.1111283791
0.5670550901,-0.4598750434
-1.0187548743,-0.0127410226
-0.5918581630,0.7826972806
1.6982075170,-0.1448011463
1.9851257728,0.2777445686
1.9264078770,-0.0817403097
-0.2512221456,0.9146763460
0.9791702046,0.1581298987
0.7005467606,0.7551257403
0.0292327979,0.2102580629
0.9082247281,0.4167819803
0.1720694562,-0.1549713319
1.7427626222,-0.2667142026
1.8557361975,-0.0192333637
0.9349008346,0.3988154741
1.2505623226,-0.3558339524
-0.0633360951,0.9866364794
1.9767532781,0.4697131986
-1.0118428331,0.3857298471
-0.6207406128,0.6237801687
-0.3575278986,0.8971166219
0.0763403032,0.1737543480
1.9477404928,0.3244864290
-0.7365271763,0.5530322686
0.0427495394,0.3192434380
0.9266542493,0.2481117225
0.4447632222,-0.2592663320
0.3260363053,-0.2527816682
0.4402055036,-0.3373677213
0.9139802002,-0.5141006102
0.0346427215,1.0116020698
0.0009412480,0.2844772831
0.0845467198,0.9874398092
0.2472003876,-0.2105714261
1.9445116315,0.0704592781
1.9670369202,0.5346230107
0.9971460707,-0.5272917177
1.8204740954,0.1442136939
0.8262840013,-0.4506929735
0.4601661809,0.8740189784
-1.0537969542,0.1526311201
0.2935364247,0.9084697638
0.4715002891,-0.3269539051
1.4583042541,-0.3622850237
0.6626987388,0.7476469004
0.8387590874,0.6575903334
1.8570019991,0.0016254657
-0.6241257733,0.8348670730
1.9781560408,0.4003613033
0.5692200636,-0.4342412110
1.7193518414,-0.1051325738
0.9379770098,0.4277610905
1.0403396695,-0.4754015531
2.0127081251,0.3854027577
-0.9112557610,0.1770631868
-0.9499668774,0.2379170468
-0.9604055056,0.5064205192
-0.2604122354,0.9678700758
-0.1624548016,0.9593346980
0.2270810682,-0.1718513060
0.5208830438,-0.4595997560
0.5725687636,-0.4446319762
0.1587721587,0.0381824279
0.7338710377,-0.5175743588
0.6817893205,0.7338923497
1.2995217554,-0.4233839451
0.0551918428,0.3091313845
-0.3347023706,1.0235262760
-0.8909403127,0.2580848355
0.8834890913,-0.5330929730
1.3775301604,-0.3818363546
1.2926251842,-0.3923005796
0.0404235768,0.2993879547
0.3029648274,-0.2117572712
-0.8405989573,0.5828620009
-0.8559217531,0.4498217831
1.5653130161,-0.3540265399
0.2255420343,-0.0540363151
-0.7614884199,0.7563164810
-0.3260801869,0.9661826600
2.0330539327,0.4990679466
1.2433945927,-0.5103619587
0.7307733296,-0.5254554022
0.0224694894,0.5075046343
0.0433280129,1.0835157159
0.4647433359,-0.3114296262
0.5894062751,0.7456778123
1.9212425751,0.0796607826
0.4157417883,0.8990391651
-0.0166572234,0.1430851695
0.7815308688,0.7046402242
-0.1362136332,0.9894027794
1.9154270031,0.0636976205
1.8669566075,-0.0337042072
0.8181935207,0.5821477789
0.5429356403,-0.3821170637
1.1651690102,-0.5250945275
1.0180860832,0.1617845039
-0.3488501719,0.9465571260
2.0270468315,0.3124864057
1.9652367091,0.0868849142
1.8204635297,-0.0370739413
0.3273832495,0.9297080184
-0.0687637687,0.9322169127
0.0555077276,0.0597251001
0.0400626824,0.2052893517
1.3692896929,-0.5035840048
0.1661380237,-0.0664294163
0.1028462230,0.0153758325
0.0830718687,0.1449493387
1.3486927121,-0.3837417732
0.9139481832,0.2963188295
0.2705541802,-0.1924230418
1.9516340503,0.4332751495
-0.0535081716,0.9950651790
-0.0408013534,0.9611741995
0.9562129112,0.2057664042
-0.9208027812,0.3128589771
-0.0907077424,0.3969494078
0.2921867443,0.8977145341
-0.0000162984,0.3364467163
1.5125783812,-0.3795869801
0.9756760683,0.2645637273
1.4935656715,-0.3393736563
0.4835198414,0.8460848247
1.0834946011,0.0858903574
-0.7625723944,0.7579805444
1.2080206882,-0.5432935879
-0.9235479678,0.3410274652
-0.9786471251,0.3400744179
0.2028121980,1.0019661562
0.0574443752,1.0165832360
0.9582508428,-0.5644439785
0.6719844897,0.8433825415
-0.9986359518,0.1575210803
1.9224756228,0.4817006358
0.6267558810,-0.4188163794
0.1597800100,0.0401262778
-0.5739613847,0.7473683217
1.6523858179,-0.2655894649
1.6033672765,-0.3243394634
1.3866166340,-0.3781547728
1.2859822092,-0.5317733297
1.2082560111,-0.4236069829
0.6425640940,-0.4216813445
1.4306620995,-0.3769023101
0.5309617700,0.8447172059
0.1406503425,0.9491690736
-0.8057558438,0.6083948126
0.0338345452,0.1940202797
0.2640305417,-0.0635946030
1.3843308636,-0.3986094786
0.8740307156,0.5519183023
0.4741452142,-0.3110805790
-0.5755656539,0.7383582015
1.0071092633,0.3115271580
1.8960345598,0.1451442034
2.0208257852,0.3267357969
0.1869027015,1.1092755714
1.8195639656,-0.0812571581
1.0008068401,0.2050789456
0.9931737699,-0.4273258413
-0.5030388749,0.9345399817
-0.5599455902,0.9341835952
0.8676878178,0.6020425973
0.9100450652,0.3909029070
-1.0179278584,0.0511645131
0.2474890062,-0.2531100431
-1.0006918873,-0.0344863887
0.8293367268,0.5924663122
-0.8368945627,0.6737612353
-0.2917008737,0.9466645940
1.2255405548,-0.4655430222
1.0269289991,0.1049842822
0.2216931723,0.9405899155
0.4732194237,-0.4225888386
0.7719976657,0.8432244467
1.1920246425,-0.5318449462
0.2470521992,1.0021910865
1.0573147532,-0.5123015649
0.4534472722,-0.3250913211
-0.5038532450,0.7503048093
0.9837619368,0.0547621967
-0.9740762964,0.3337397569
-0.6256172356,0.7493563131
-0.9537863103,0.0398574334
0.8029762381,0.6536566976
-0.7309284434,0.4955892246
0.5426228816,0.8084908348
-0.1613352507,0.9360214137
0.0405192468,0.1402719705
-0.5407738929,0.8536438563
1.1820763188,-0.4669373261
0.1360113580,-0.1229000317
0.4672058443,0.8629048392
-0.2747439417,0.9398640981
0.8261586998,0.4177480255
0.4871924552,-0.2214368423
0.3454554937,0.8113122803
1.0596772660,0.2775402783
0.9452144207,0.1771062761
-0.0328900866,0.9952664208
0.8999284987,0.5145740433
-0.8065379717,0.6590370565
0.2231261569,-0.1700337294
0.1465855355,-0.1086990072
0.6483789441,-0.4208048603
0.2379914371,-0.1050992903
1.4008772511,-0.4893955725
-0.0165562004,0.9974885330
1.8701731824,-0.2291572782
0.9189157070,0.5834906991
0.0249347628,0.4406659196
1.7383818353,-0.1747478464
-0.9908073130,0.2146614960
0.5092616672,-0.3693544631
1.3010508473,-0.4403647627
-0.1295070044,0.9928101373
0.5260595079,0.8628718256
0.6514098794,-0.4351676902
2.0349100983,0.2653180089
-0.0179987459,0.3539744205
2.0564014364,0.3905989531
0.7232411672,-0.4521401455
-0.3455664988,0.8900063074
0.3344654155,-0.2822990613
0.6917188607,0.5816605661
0.5530457070,-0.3069601481
0.0546908037,0.2339737835
0.9129555601,-0.4973594855
0.5860001222,0.8645589068
0.1647388777,0.9835990772
1.9728458934,0.2604860719
0.5216705831,-0.3186039965
0.5706623581,0.8946046134
0.2373115113,0.9331564555
-0.4134029345,0.9102000643
0.3739275650,0.8942414585
-0.1927753016,1.0013721749
-0.9881581640,0.0784187237
0.9273316448,0.5925333800
0.5904793988,-0.3608965308
-0.4244826730,0.9477853798
-0.7518684586,0.5280539276
0.1344283671,-0.1003705305
-1.0435787093,0.1080270092
0.7371124074,-0.5399623826
1.8783571284,0.0656766964
-1.0162137305,0.3157495797
0.0517743201,0.3239742644
0.5642668640,0.8448494541
-1.0492167622,0.1481025389
0.1293687828,1.0203422479
0.3593018771,-0.3580006773
0.1791577298,-0.0730629528
0.3989329112,0.8583550151
-0.7643844122,0.5292078693
0.0786199368,0.2159906081
0.9111397596,0.3533311238
0.9355419980,0.3590074662
1.9494931519,0.3892900976
-0.8570609640,0.4067069981
0.4437035643,0.8853457453
1.3921782906,-0.4487390386
-0.5593959786,0.8763756357
-0.8152622850,0.5705606522
1.5610944769,-0.4199587785
0.8295146775,0.6415655882
0.9255824998,-0.5119258980
0.9026741454,0.4194527732
2.0136041606,0.4930308675
0.5705169033,-0.4409158603
1.8360346182,-0.0269215959
1.2514859964,-0.4181320334
0.2582797462,0.0122292549
0.6837769778,-0.3921839817
1.8444561304,-0.0456837233
-0.6347179424,0.8650183633
1.7564822515,-0.0268278528
-0.9189272125,0.2602077417
-0.8862570452,0.3211762870
1.0307809729,0.0757037651
1.5446024658,-0.3125234696
0.8716845055,-0.4994092157
0.5789376922,0.8491468990
-0.7303802897,0.5601595697
0.5725164549,-0.3112551828
0.5725723768,0.7683695990
-0.6560461856,0.7807165920
-0.3592555797,0.8779211720
-0.8851804412,0.1486478984
-0.9240589220,0.4375964050
0.9965457760,0.4373343016
0.1683907859,0.0001967083
0.5291582556,0.8777830969
-0.0866926893,0.2059067438
-0.8699941060,0.4135860049
-0.9742823617,0.1027453104
1.9990022753,0.1667497380
-0.9358095822,0.4014917564
-0.9737644385,0.2202542116
-0.5670407699,0.7789769337
0.7234767241,0.6569057380
1.8035509367,-0.1757478738
0.3631144746,-0.2632542126
0.8917378358,0.5176922501
0.0149072341,0.3413519097
-1.0252232348,0.0247618836
-0.8893725454,0.4393461321
-0.4193066607,0.8344441094
-0.0764225736,0.9844103364
0.7642321163,-0.4869027190
1.6989976658,-0.1881202095
-0.2581044325,0.9208734110
0.7576369139,0.5234046322
1.7536756083,-0.1458160632
-0.9560919919,0.3327172169
0.2549466858,0.9697239334
0.9845262992,0.2694586840
-0.0206498911,0.4536650846
1.0157232348,-0.5422718587
0.9107165935,0.3818433845
0.2324746339,0.9831833199
1.8233528956,0.0540127338
0.0881875669,0.9472950668
1.8944340025,-0.0263353271
-0.5094669072,0.8212107554
0.7892293737,-0.4940105913
1.9142359388,0.0764780552
0.4973778387,-0.3237832724
0.2559775547,1.0271097248
-0.1433475241,1.0043170808
0.8670707075,0.4346019712
0.3236395551,0.9835534041
-0.2468070468,0.8994245393
0.9266822118,-0.4122925208
1.6670438910,-0.2995540600
0.4279538595,-0.3032283929
1.3537427750,-0.4447414555
0.0807590375,0.4140344340
-0.8578760441,0.5186558506
1.9475593186,0.0583302276
-0.8879486401,0.0392013088
0.5284595830,-0.4496119974
-0.4206965803,0.8107640140
0.9127799797,0.3769937266
1.0224215450,-0.5405172326
0.7497140159,-0.5024803076
-0.9386419301,0.4535679438
0.1891190480,0.9807111030
-0.3552970535,0.8836155596
0.6742896204,-0.4686090873
-0.7496608879,0.5979993467
0.6746085587,-0.4301123012
-0.4103979505,0.9688266322
0.6226220464,0.7829611151
-1.0135044718,0.1923971642
0.3613579073,-0.1850531632
1.9219696948,0.2225884576
0.8576007479,0.2439872671
0.9901465437,0.0830931244
1.7655058713,-0.1165853750
1.9931477923,0.2845678377
0.8044259862,0.2943716585
-0.0303383142,0.5197395971
-0.0179494846,0.0011052686
0.0170616293,0.2780979256
1.8785757853,0.0788008363
0.5373136536,-0.4893282367
1.0336932722,-0.4892190492
0.8953429532,0.6894879472
-0.7529958513,0.8472021581
0.5978138222,0.8050800841
0.2041318094,-0.1296613377
1.2462387122,-0.4450458735
1.8721401772,0.2192552435
1.4096304154,-0.4591225946
0.5555937509,-0.3437823019
-0.7948288045,0.6582981076
-0.9126119847,0.5200906263
0.4928830239,0.9810693083
1.9763013772,0.3613332575
-0.2180555191,1.0396214358
-1.0028773777,0.2922703420
-1.0071202657,0.0690565031
1.9682390843,0.2454494037
0.8952912475,-0.4843619863
1.3626950970,-0.4096142104
0.5005341404,-0.3625590768
1.8390753987,0.0794044916
0.9537310052,0.4883983149
0.0999374216,0.9800186608
0.2996194490,0.9047066243
0.5745363020,-0.4031527648
0.5320239898,0.8565002485
0.1386266397,-0.0368217318
1.7348630842,-0.3323597157
0.8574013929,-0.5726056089
-0.7786276608,0.5831137323
0.0869093891,0.2251802605
-0.0473222114,0.5716451208
1.9471882395,0.0534791545
2.0467847158,0.3036439925
1.8509911603,0.0179633175
-0.9875370298,0.2234140022
2.0370228714,0.2686992137
0.0938962171,0.0884358591
0.4225245789,0.8715596988
0.1911919087,-0.2043970391
0.4718642629,0.9408490973
1.6068449521,-0.3223404490
0.6327451982,-0.4449349265
1.6949011878,-0.2344155242
0.8784391533,0.5649787676
1.0359126548,0.0521640758
1.8910209125,0.2244429204
0.8527278205,0.5168735467
-0.5095197176,1.0120895065
0.0941625292,0.3394512710
0.6875526924,0.7189176426
0.5448057569,-0.4092873012
1.1648167517,-0.5504794194
-0.9361770847,0.2955659960
-0.6116409414,0.8134183454
0.6678453633,0.8195963816
-0.8557097838,0.4015864579
-0.8907720307,0.3259211230
1.8627817010,-0.1118501978
0.9026202235,0.4867693456
-1.0093122355,0.2573471316
1.8438341468,0.0642239987
-0.2310039034,0.8463009470
0.5150731545,0.8707672124
1.1432522036,-0.5196876711
1.7990313976,-0.0152372179
0.0574664549,-0.0477442275
-0.1734100030,1.0055866539
0.8804849165,0.4250527066
1.5479795366,-0.2731041173
-0.0762218647,0.9459829437
0.7649357330,0.6699365067
-0.6635214179,0.7715270229
-0.8320644314,0.6105214309
1.6623938801,-0.2672150808
-0.0290842836,0.4891994363
0.3165028385,0.8572773304
0.5795805632,0.8363609963
1.7625225322,-0.1113688732
0.5209810440,0.7722490840
0.3062235618,-0.2730030013
2.0723627391,0.2881605750
0.9691338233,0.0887569231
1.8431873459,0.0511956103
-0.6086702814,0.7643474474
-0.0042688501,0.4452345363
0.7456768783,0.5864316511
0.2737686136,0.9834656685
-0.2178223951,1.0080424185
-1.0496090239,0.2510262195
-0.9898637815,0.0878822783
-0.0476580084,1.0908425243
-0.2869590461,0.9731193769
1.6411438020,-0.2894734304
0.1885504565,0.0165800656
1.6855743179,-0.1767113179
-0.8957579748,0.4782942721
0.9971260737,0.0703826117
0.2803610564,-0.2757712294
0.1430565956,-0.1048019949
0.0973031912,1.0157622181
0.4891231903,0.9105181369
1.0519626186,0.0449002542
0.7595685808,0.6717804740
0.5801568305,-0.3803478162
-0.0663461025,1.0423948078
0.7173002913,0.6751972511
0.9278314770,0.1509570399
-0.1107236285,0.8975911297
0.6660392944,0.6755081441
-0.9650248605,0.2518311975
0.1056478435,0.1064116899
0.8290396241,-0.5247036701
1.9687729042,0.1823636895
-0.9047523167,0.4432998767
0.7710610010,-0.4852370174
1.4572177412,-0.3487542508
1.9000852774,0.4717128799
-0.4826876152,0.8532052127
0.2057882128,-0.1153072665
0.4642619280,0.9093696596
-0.5644047451,0.8462317626
1.0585838472,-0.5509975511
0.2588768388,0.9585641549
-0.2504842325,0.8498053637
1.9886438126,0.3568900958
-0.3541594491,0.9502141148
0.1041489375,-0.0451101935
0.0035955341,0.3203559086
0.7979423589,0.6362923384
-0.0784217649,0.1215701675
0.4426358893,-0.4444273491
0.3899340636,-0.3308803854
1.0449701973,0.2217249351
0.9668280428,0.0981972743
0.8762526994,0.4027929920
-0.1722491678,0.9058282304
-0.8497627086,0.5652692508
0.8900148719,-0.5152543022
0.9171995470,0.2945431789
1.4177148370,-0.3365035050
1.3916489319,-0.4347551378
1.7444576972,-0.1005769601
1.8894003610,-0.0158210671
1.2871796970,-0.4450946250
0.0456092937,0.0459375283
0.3800424243,0.9744908051
1.2836578309,-0.3944687932
1.9571669973,0.1824473681
-0.0171435832,0.4539440061
0.1185295100,0.3749156798
0.3438899170,-0.4090736432
0.5966992471,-0.4926756665
1.6444161673,-0.2267252890
-0.4880153328,0.8888657309
0.4244480184,0.9745229943
0.9232101025,0.2059356266
0.9577645163,0.1263155151
0.8466536209,-0.4575666888
-0.0209302024,0.9378843968
1.9517355187,0.0802526124
1.0218606743,0.2611894282
-0.5047367666,0.8804173560
0.5451532196,0.8493211514
-0.6868243520,0.8109475509
-0.3130668499,0.9590903246
1.0139452713,-0.0273822831
-0.8583256463,0.6405567048
0.0508161699,0.3445659721
0.4709121256,0.7694135065
0.9355544365,0.2428360590
1.6729889321,-0.1664059823
0.9953262558,0.2644569075
0.4650463618,0.9369724477
0.0313263604,0.3975335670
0.6493162685,0.7334384178
0.7752877162,0.6594480026
1.7840518795,-0.1842506915
0.1041477867,-0.0133745858
-0.7672413098,0.6183541624
1.3006105091,-0.4103242746
1.2749211321,-0.4591291066
1.4695013271,-0.3936678690
-0.0144973485,1.0690873097
0.7335495168,0.6688560505
-0.4841670730,0.9571559984
1.0568541850,-0.4026610024
-0.1490700984,0.9755555608
1.9949844338,0.3509393410
-0.3305473064,0.9038491922
0.5332165308,-0.3236108121
-0.0188585756,0.3371562693
0.4817179163,-0.3101762123
0.9862317705,0.2152695419
0.2798768550,-0.2344464935
0.8508201111,0.3291193483
-0.5780746611,0.9411963952
0.6202392807,0.7604908636
0.0310903827,0.1376745436
0.4985260791,0.7795778506
0.1437740347,0.1251571213
0.0775811588,-0.0605586536
-0.8040970168,0.4127289934
1.0098928271,-0.4408494621
0.9576911799,0.2921670917
1.0021214943,0.0804076547
0.9787701012,0.4361151208
0.8277835580,0.6165021395
1.0747187418,0.1627828285
-0.2016915140,1.0122544114
1.0815251176,0.1614781115
1.6681684995,-0.2065513397
1.1461249047,-0.5379794588
0.8950202795,0.6602454007
0.9184264150,0.3724207977
-1.0284073178,0.3222148604
-0.7478672871,0.6196550080
0.9149536531,0.3738227399
0.9139123837,0.2906711208
2.0448530454,0.3818433112
1.2065097687,-0.4631968742
-0.0601567207,0.9243897062
1.4371457119,-0.3703120238
-0.9735952059,0.1401126115
0.9036782588,0.4837752548
0.6596690074,0.7647047077
0.1192155892,1.0673038512
1.0313636596,-0.4194314561
-0.8693482577,0.4221705796
0.1862130761,-0.1329546474
0.9752509168,0.3041887024
1.9669686832,0.4100463276
-0.6754201519,0.6273786206
0.3275717041,-0.2676701861
0.8913284399,0.2309237212
0.1148322097,0.9110885823
0.9375938227,0.3282788276
1.7672985945,-0.0995620157
0.2787760338,-0.1646779600
-0.9716051200,0.1922133732
1.6896936081,-0.1964878632
1.4267209109,-0.4108690097
1.3559461545,-0.4772838627
-0.7095843271,0.6417807257
-0.8912527687,0.0909696206
0.3541259647,0.9905029908
0.7944285491,0.6453615525
0.9796285074,-0.4958839411
0.7108090251,0.7513590658
0.0891349894,-0.0948940766
0.9293737108,0.3559054494
1.4273155608,-0.5137378025
-0.4936618156,0.9292655467
0.8223450490,0.6852171960
0.8757513255,-0.4603762619
2.0096504720,0.4793347009
0.9784247474,0.1647066590
1.0287235416,0.1098990590
0.8743452208,-0.3910765609
1.4689742447,-0.3846025549
0.2608245844,0.9453110298
-0.6569483434,0.7696957283
1.8687813059,-0.0521873329
0.9903738622,-0.5250945000
0.9696322783,-0.0038610523
0.6396985259,-0.4034198918
-0.0387824609,0.2408920051
0.0697509968,0.2360868076
0.2643114577,-0.0973063886
0.9902630238,0.3223313642
0.4089653012,-0.2917434577
-0.4133607861,0.8943279773
1.9979858267,0.1902981934
-0.0539706568,0.3704818430
-0.7444341412,0.6287874453
1.9931916341,0.4135308598
0.3980248383,-0.3281246382
1.2448806762,-0.5083762769
0.9444584067,-0.5200269197
0.2719459326,0.8924843890
1.6495576186,-0.2828431094
0.2614256851,-0.2032145157
0.5736220403,-0.3956363115
0.9479342414,0.2626706263
-0.4738852279,0.9242535463
0.4336144229,-0.2675243222
-0.8468604624,0.4507602885
0.9604615933,0.2003371496
-0.9177669608,0.4350540618
0.5508511794,-0.3997836486
0.7666321849,0.5921631826
0.8619760684,0.3761193996
0.0869386786,0.1214994993
0.4450791399,0.9912293595
0.7374805947,-0.5990676376
0.0799932703,0.0649319389
1.8050948903,-0.0433574802
1.0592145666,-0.4666040688
1.2675701736,-0.5293695988
0.3229744107,-0.2613451442
1.0244094665,0.0015330225
0.1837175202,1.0841739955
-0.5689215373,0.7902304654
0.6861791781,0.7008504682
-0.8740403084,0.3283230573
0.3428033133,0.9427891358
-0.9844209401,0.2136578431
-0.9561661088,0.2306244974
1.6221706152,-0.3288032081
0.3155860263,-0.2103946022
0.2094999446,0.9049131422
0.3587063833,-0.2248194142
1.6886739134,-0.1638773936
0.2003187090,-0.1149204978
-0.9665622500,0.0039137543
-0.0530003288,1.0814471927
-0.7130399510,0.6708340929
1.8808953865,0.1489845705
-1.0079216603,0.3478411706
-0.5905113754,0.8393873055
-0.1290694917,0.9303423325
0.2979990522,-0.0111119154
-0.5479710433,0.7726270678
0.6658917004,-0.4514181023
0.6378575659,-0.3529755470
0.1461439762,0.0057825832
0.0735729042,0.4183240886
0.4246501629,0.9940161060
-0.5582999581,0.8626574765
1.0535321582,-0.5751794114
0.4506120016,1.0268388731
-1.0869447996,0.0988478073
-0.7460086076,0.6343739074
-0.6803766868,0.6731127135
0.0176904657,0.3523180896
-1.1053404852,0.1508006337
1.1248891542,-0.4944503709
0.9690125312,-0.4453830656
1.0850510624,-0.4520696616
0.9552553285,-0.4339545883
1.4493157890,-0.3915584484
0.2344110697,-0.1977444927
1.5300450834,-0.3524167114
1.6657818650,-0.2609742255
0.3692268595,-0.1093130203
-0.8404057849,0.2897252999
0.9728612932,0.1812112045
0.1079669831,-0.0608096394
-0.7735086111,0.5296974942
0.4288760222,-0.2507844232
-0.3983728063,0.7840846197
1.1618589624,-0.4377756019
0.9353087408,0.2286483380
0.9306083411,0.3947881776
0.0541637158,0.0378669151
-0.8760475511,0.2060998524
1.5873011045,-0.3758957780
-0.8896963284,0.5797447931
0.1505496758,-0.1440748563
-0.0124494754,1.0054685019
1.7509915837,-0.1301949340
0.4960426883,0.9239241517
0.3001070233,0.9227669444
0.0625849309,0.4693302948
-1.0146213231,0.3418037905
-0.9577745297,0.5145516731
2.0388087695,0.1224323137
0.0352537109,1.0352349089
0.8302231802,-0.5273377232
0.8654723543,-0.5181164291
1.2417008829,-0.4301262629
-0.4403225964,0.9005331942
0.8402921591,0.5334063460
0.1015964976,0.0712830841
0.9680217641,0.1100873600
-0.6715817400,0.7812002457
0.9196646422,0.2235605608
1.9933717054,0.3138120473
0.2398462680,-0.1224919126
-0.9045264003,0.4076796767
0.5720349456,-0.4342085423
1.9482317102,0.1791436443
0.0428215555,0.1073669268
0.1244870411,0.1422660156
1.7560672546,-0.1695048308
2.0103669183,0.3870416152
0.0612091263,0.9371053560
0.5228906541,0.9033009730
0.1626261499,-0.0404322104
1.0475987438,0.1315546774
0.1667927109,-0.0896556957
0.6859546327,-0.4468280524
1.8493666946,-0.0411599098
-0.9260305355,0.1648149223
0.8060904524,0.4871165412
0.7131065242,-0.3937804184
0.2159935644,-0.1231657134
0.4244164311,-0.2010578709
1.4131667506,-0.4445604209
-0.9361385780,0.3121651461
0.0876368204,1.0525111829
-0.9459454259,0.1283995945
0.0175776157,0.2162994979
0.0517154912,0.3884021271
-0.2184466748,1.0350113465
-0.7545886077,0.6635910320
-0.4823109765,0.8952086292
0.7150196848,0.7388413533
-0.6465238758,0.7463783983
1.9276062764,0.3996239964
1.4187751193,-0.5210683808
0.1685716677,0.0209555987
1.0663871527,-0.3800079180
0.7557243027,-0.4772630596
1.4400759488,-0.3355304326
-1.0610827917,0.1136686788
0.1772230162,-0.0818052694
0.0456623407,0.3505011207
0.8828925690,0.2173326016
1.1761545089,-0.5324917603
-0.3146767709,0.9841410627
0.1744206352,-0.0074639492
0.1231147128,-0.0282528236
-0.9603542859,0.2687008889
-1.0223933694,0.1888625074
0.0274548698,0.3580281685
0.5028490699,-0.4034123712
1.6571911908,-0.1338637765
0.9039920249,-0.5595870300
-0.9646125210,0.3702684581
1.5788926952,-0.3788488267
-0.9268293848,0.3531610393
-0.6672239978,0.8422954987
-0.6180151485,0.7739497799
0.1587019233,0.9892261155
0.6340695656,0.7792375274
0.9836029102,0.2345553586
1.4265239222,-0.3146525992
0.2068833149,0.9571617111
0.3728332112,0.9216084478
0.8116035065,0.4876603968
-0.0798436732,0.3918818302
1.5831630403,-0.2994957232
0.5913937387,-0.4567112675
0.6254707700,-0.4465505415
-0.3479570964,0.8966294699
1.0048756667,0.1631270484
0.4186593244,-0.3463856271
-0.9122484781,0.4540126305
0.9962945473,-0.5200755887
1.9413340964,0.1165697075
0.6419763205,0.7507736422
0.9853817673,0.1235735391
1.9474852772,0.3738039941
-0.5584941681,0.7922326428
1.9286911413,0.3638191943
0.7817124466,-0.4591270298
-0.9958720387,-0.0292961661
1.2557076753,-0.4342879144
-0.7313464306,0.7526849032
0.7821464265,0.5700580856
-1.0317454857,0.1592782318
0.1172289681,0.9844715513
-0.5441912682,0.7923276098
-0.7505975649,0.6962676548
1.8209452849,-0.0586410346
1.2832769583,-0.3899122378
-0.7171194600,0.7771242534
0.3307998278,0.9864259139
0.0369878831,0.1702561992
-0.8021884854,0.4491359657
1.3762484463,-0.4251863879
-0.2963384640,0.9526251454
0.8880218721,0.3353546656
0.2258239828,0.9310441279
2.0100326223,0.1551709592
-0.9151140390,0.1356137208
-0.2681988850,0.9233400141
1.9602359110,0.1763643479
0.9348550241,0.3009246268
-0.8245557150,0.4018519618
1.0430086564,-0.5056853330
1.8971462982,0.2745473857
-0.7515956809,0.6889495448
-0.0178803800,0.9605219492
0.3532537929,-0.2737843133
0.4597802460,-0.3895968143
1.0153779861,0.1172660762
0.3267582862,0.9973031575
0.5574847659,0.7869106575
-0.0334065719,0.2200880422
0.1380600913,-0.0055796000
1.7428374931,-0.2065338888
-0.6405117375,0.8160449484
1.7282803430,-0.1921885253
1.8327393634,0.0753443095
-0.5644807042,0.8544426841
-1.0034390314,0.4406929814
0.8847286502,0.5219177617
-0.9123504097,0.3503819096
1.1952062185,-0.5673463163
0.6711501951,0.7731247753
0.5642160280,0.9046804467
1.9511045422,0.1505065876
-0.0202944915,0.3711594609
0.0347293462,0.9516843739
0.6221313026,-0.4047402744
0.0673839537,0.3825056802
-0.7182522824,0.6273698540
1.6290797051,-0.2033699343
-0.6822726421,0.6382549194
0.2096530377,-0.2033113006
0.1925670793,-0.0684806393
0.9454536016,-0.4977524785
2.0915095930,0.4609171669
-0.0848816779,0.9171368212
0.9844747501,0.0523096973
0.4841238247,0.9230182317
0.2970402250,-0.2564200781
0.4775161559,-0.2547403143
1.5872987876,-0.3017397677
0.4838207421,0.8962368755
0.2762276227,0.9102490055
0.0657671497,0.9579011655
0.7950139795,0.6921747138
-0.9918008132,0.1537029352
0.2235457886,-0.1090790118
1.3257122217,-0.4328968213
-0.0134014177,0.4014632504
2.0134284472,0.3016961454
1.0667422045,0.3168345507
-0.0287159719,0.4442754922
0.0194840716,0.2696668377
0.0974024005,0.2240242424
1.9279052631,0.3303911649
0.4359943899,-0.2856396723
-0.6097693960,0.8332289229
1.8728037726,-0.1093857548
-0.8991917426,0.0739662953
0.8666059214,0.4076808359
0.0654507752,0.1980108654
1.6521007624,-0.2634939236
2.0252922708,0.5660758517
-0.7613449192,0.5609459593
-0.1823279749,1.0501586811
-0.4395557550,0.7459484911
0.2262677606,-0.2224886171
0.4279793562,-0.3276513376
1.5934463994,-0.4063242362
0.2315899988,-0.2530912782
-0.0594752939,1.0367824649
-0.2892761124,0.9839684660
-0.0071854132,0.0549647557
0.1513772470,0.1524822827
-0.8555058703,0.5816362228
-0.0383982510,1.0228590095
-0.4759412383,0.9427896909
1.8348474787,0.2256685870
1.7614626480,-0.0867173406
1.1437293504,-0.5600588684
0.0599580708,0.0555232540
-0.7956286106,0.5819859431
0.9101571755,0.3915610883
-0.7121262665,0.7229690794
1.6723735389,-0.3970431128
-0.0603250835,0.2872014219
-0.8959999118,0.4908811576
0.8917338419,0.3525601048
-0.3925961444,0.9214247350
2.0015504639,0.1438920811
-0.4708912125,0.7686257706
0.3584963103,0.9648011611
0.6912302853,0.7354265252
-0.4708642176,0.8483556356
-0.9695768942,0.2382010992
-0.9298407995,0.5433005731
-0.8671793494,0.3854069761
1.0245903066,0.2848866533
0.6073832377,-0.4022465372
1.5727937343,-0.2835723326
-0.9766699755,0.0348973624
-0.9771046730,0.3875473529
-0.6847886617,0.6748043247
0.2760249020,-0.1473826843
2.0374950120,0.5139633919
0.9523753496,0.0285046681
-0.0495403313,0.4589219140
1.6558603732,-0.2481416207
0.6175763683,0.7886473560
1.2454236854,-0.5114472728
1.7851885190,-0.0140382629
0.1544470900,0.9899138293
-0.0181360544,0.3933377236
0.0097567316,0.2449336609
-0.8413310619,0.4527849601
1.8756089771,-0.2065241761
0.6423503940,0.8056750886
0.6325112911,-0.4078849501
1.2368164026,-0.5030642244
0.4985129133,0.9039116480
0.8865428361,0.4626851201
0.1681049554,-0.0003969423
0.2458467418,-0.1503467327
-0.2387540381,0.9762950030
0.9126526380,0.1176479120
1.2319033472,-0.4420925773
-0.6566954043,0.7690279249
-0.8815226425,0.5664668405
0.6142097745,-0.4151198008
0.1219853699,0.1073183066
0.2111289420,-0.0751607417
0.1741188506,0.9770661925
-1.0082608071,-0.0065616001
-0.4869273371,0.8337465818
0.2804286198,0.9436062090
0.0117329833,1.0097263040
0.5503606958,0.7900907395
0.9541777946,0.1496507158
-0.5849546562,0.9191612216
0.9817958115,0.1099581083
-0.9003168241,0.3639254987
1.7625214222,-0.1597875793
-0.8600442955,0.5318011667
1.9410028423,0.0570416323
0.3177475476,1.0399074989
-0.9502331251,0.2614692286
-0.1936000481,0.8615180823
-0.7068749315,0.6826432771
1.9299659938,0.2178506549
0.0159270518,0.3626482613
0.1938123666,-0.1230942418
0.7670982232,0.6856093243
0.7667484734,-0.4895925836
0.0462070405,0.1153596829
-0.7793660587,0.6497615286
1.6773705453,-0.3148611733
0.0113750485,1.0391458212
0.8701371358,0.4532605617
-0.9435495401,0.0836171474
-0.9735778189,0.4351383047
0.4171199306,-0.3777014275
-0.3932674639,0.9477008816
-0.5512864212,0.8499718019
1.2828683207,-0.4985001238
-0.2029059398,0.9507501828
1.9170137444,0.1884734969
0.9746333973,0.0714088639
1.0387554046,0.3530465568
0.5149811335,-0.3888930591
0.3806229836,-0.2558904660
2.0594567080,0.2813478781
-1.0938225617,0.1996975000
-0.9433504897,-0.0185679367
1.8435672545,0.4187152588
0.8389274430,0.5080670379
0.0447477688,0.0281821580
-0.9942309543,-0.0093043799
2.0151455463,0.2193413289
1.4296804567,-0.4376210102
-0.3415054859,0.9175360175
0.8839166730,0.4433378047
0.5867475337,0.8393300076
0.1038387305,0.9758511296
1.6553898891,-0.3592611462
1.4925883880,-0.2484749201
1.9383343979,0.2139521007
1.9310134123,0.5008398616
0.0384357624,1.0194713523
2.0127167271,0.4532742347
-0.0550946432,0.3524905060
0.0432911975,1.0224947022
0.8024225272,0.4149352394
0.3497982760,-0.2093039834
0.2548668171,-0.0794183857
0.9066395386,0.0948979503
1.0819118133,-0.4588404873
0.0267844752,0.1983526800
2.0043406080,0.5218722487
-0.1210603750,0.9864515020
1.1776651005,-0.4817615444
-0.4675799853,0.8237477200
1.3961909424,-0.3713534284
-0.0400186067,0.5115103262
1.4844817392,-0.4166346736
1.0640324498,-0.5142395836
-0.9541231835,0.1108700986
1.9289453083,0.1620567964
0.6439874321,0.6772704105
-0.8609933057,0.6398387611
1.3807927932,-0.4480984548
0.6920175472,0.5959991070
0.8955693216,0.0766080659
1.7217883221,-0.2078229681
0.1918769165,0.9989454488
2.0918263112,0.2647109012
0.7144717890,-0.3904985996
0.7127555641,0.6696553713
0.9703566953,0.1253773431
-0.6310940958,0.7379427905
0.0354267102,0.3374432021
0.6119987874,-0.4599130509
0.1560979035,0.9190453377
1.5163052734,-0.3159827948
1.9457081731,0.3599119898
-0.5772403318,0.7628610121
1.8333541105,0.0640346868
-0.4901231484,0.8254148929
1.5881173554,-0.2483052668
0.2160846916,-0.1563300298
0.1231383660,-0.0639604211
0.7621212682,-0.4457292171
1.0659070995,-0.4459666851
1.4133743985,-0.3264044631
0.4207029362,-0.3263987928
1.8480527784,-0.0336814270
-0.7494790320,0.5319141212
1.2816379626,-0.3956821021
0.8462874242,0.5272211877
-0.9058993984,0.1147222287
0.2003124947,-0.1098182604
-0.8096441777,0.5409567994
1.5639319289,-0.3737639009
-1.0103557834,0.3994776032
-1.0668216177,0.2512950915
0.9349757615,0.4695992242
2.0162548872,0.1566199549
1.7313243410,-0.1438277669
-0.0322390966,0.9204449371
0.0417515638,0.0600607064
0.1916383284,-0.2052878055
1.5331082022,-0.4217152938
0.9682095053,0.3540673521
0.8408013616,-0.5015523692
0.8528278319,-0.4502457884
-0.2533073222,0.9219995784
1.7613775307,-0.1044343283
0.0695898858,0.1702038858
0.9598609524,0.1675208372
0.8557345883,0.4683733445
0.2117196419,0.9270040438
1.9293716227,0.3284752462
0.8452244339,0.6382511856
1.8273953825,0.2778736872
0.0874623844,0.0868600431
1.9496815437,0.1727062466
0.9663411209,0.0350510788
-0.0294046123,0.4357697983
1.9232234110,0.1400572452
0.0250399462,0.3416983184
0.1745643270,1.0298605424
0.7160600752,0.6876603615
0.5257326297,-0.4243134729
-0.9930324312,0.2700637113
1.7240676778,-0.1951631160
-0.9064263989,0.4191466051
1.2518640726,-0.4378114016
1.9334338994,0.2003239619
-0.3844462110,0.9062784745
0.4940161372,0.9280812414
1.5612159166,-0.3070509139
0.6264269717,0.6089122744
1.4204909341,-0.3814297565
0.4807860022,-0.4440229762
0.7902595928,-0.5922735688
0.9592773283,0.4001080173
0.1491427037,1.0435563929
-0.4726290294,0.8473290359
2.0160898367,0.4043487241
1.9381965861,0.1161698908
-0.2472004622,0.8758928925
1.7814062740,-0.1660347981
-1.0028317059,0.2562190243
0.0948287113,0.9857189004
1.8132365879,-0.0323594246
0.0732899543,-0.0010472752
0.9240319566,0.4771813711
1.5028404665,-0.3383090861
1.9312640524,0.2835685154
0.3258675151,1.0281971927
-1.0147519824,0.1161627070
1.9847852136,0.1405138470
-0.4174338669,0.8912576754
0.5518472959,-0.4873454808
0.0369554219,1.0265222625
0.6036190031,-0.2976085638
0.8759108882,0.6102755752
0.0759596085,-0.0038075165
0.2805174447,-0.1267088440
-0.3292497146,0.9617210356
0.9167379354,0.4988839241
-0.6462381885,0.7304156967
1.1505708659,-0.4684172299
-1.0214568359,0.0944032829
0.7444364164,0.6333335270
1.3478721731,-0.3988711628
-0.9764565629,0.3844221376
0.6374706975,0.6893302087
0.6257342867,0.7675578207
1.8947610171,-0.0255792682
0.3275914703,0.9035660269
0.8978350011,0.3513830681
0.2473330589,-0.0220820219
0.7646725311,0.6472106691
0.7738616222,-0.5527640592
-0.9178684441,0.4255506274
0.6362167448,0.7193690080
0.8001857321,-0.4629854694
1.7499197986,-0.1854382127
1.9857740644,0.1931944372
1.5478512798,-0.2416575949
1.9013360541,0.0876700732
0.1046384190,-0.0084348689
1.4654501223,-0.3565771738
0.7883314860,-0.5182977841
0.3308980743,0.9884753069
1.7511137239,-0.0836312367
-0.8388204672,0.4975632664
1.2083592997,-0.4224595848
0.7694191174,0.6079829957
-0.4220393686,0.9498797044
1.0250366349,-0.0407789579
0.9757353582,0.3130941567
-0.5736388039,0.7962456831
1.9543693892,0.2772156383
-1.0406387433,0.2476345755
1.3591494414,-0.4228092423
1.4347056056,-0.3800596695
1.9314003740,0.1462604140
0.7427747771,-0.4722060763
0.7888867139,-0.4178069386
1.1487951621,-0.5427637919
0.3863339903,-0.3076581882
1.7746912696,-0.0471663576
0.1560489096,1.0158959093
1.0109128933,-0.4119706844
0.0452547015,0.0962003358
1.6665888277,-0.3075546071
0.3495502379,-0.2823263988
1.9825345505,0.0859426821
1.3720264207,-0.4306659171
1.6172379826,-0.3461138018
0.6457493972,-0.4595749634
-0.5506557085,0.9617310956
1.8416097917,0.0484047774
0.3196706713,-0.2722698866
1.7576007232,-0.1131723976
1.5801516622,-0.2480654868
0.5939993589,0.8857278432
-0.4731865834,0.8389337358
0.7647937852,-0.4690489104
0.9628668642,-0.6065012853
-0.6125918583,0.7986181002
0.6249673690,-0.3679419455
0.3892059321,-0.2095541335
-1.0071955146,0.1316797991
-0.3085435534,0.9862737355
-0.4593317365,0.9017547956
0.4110989355,-0.2960398484
0.7264972567,-0.4933891084
0.7196027316,-0.5598830613
0.3611097825,-0.2288233911
1.9918902544,0.3372524097
0.3597080462,-0.3583692456
0.9881631242,-0.5052303661
0.5841279168,-0.3331458041
1.0482702711,-0.4571101628
1.5096202423,-0.3076279375
0.5248807629,-0.4337818209
2.0278483660,0.2906501947
1.8746804382,0.1667107297
1.4554277176,-0.3580058394
1.8553973355,-0.1029226022
-0.7750220888,0.5374030519
-0.5426267228,0.7555170797
0.0414109934,0.4687029798
1.8647813519,0.0872566843
-0.1448780415,1.0650718086
-0.6099167884,0.8397577661
-0.3221472515,0.9589785739
0.0457440595,0.1952274373
0.3322133192,-0.2111321848
1.6791633256,-0.1572863636
0.1453077806,-0.0912944997
-0.0646656825,0.9569194184
0.0912611711,0.3013622912
-0.1552966381,0.9683346492
0.2163181433,-0.0808196038
1.5002339973,-0.2632772944
-0.7471302358,0.7116591960
1.9262479479,-0.0303659357
0.8071896535,-0.5289662347
0.0898632691,0.9506797236
1.7587669382,-0.1343734357
0.9987769539,0.3068916877
-0.0095878244,0.4083257311
-0.1248145740,0.9451531937
0.2734264121,-0.2048050849
-0.7306096731,0.6755400092
-0.9821088786,0.3906192891
1.3006911097,-0.4402531965
1.6721082567,-0.2546455715
0.9417322589,-0.5087220580
-0.9173695720,0.3967683029
1.2476272927,-0.4939042332
-0.0425116654,0.3085239280
0.8307171684,0.6323451652
0.3605250088,0.9369671260
-0.7289506814,0.5767297094
-0.8710742931,0.3926983580
0.2863651801,0.9781246489
-0.7228734068,0.6867455117
1.8831434950,0.0214302965
0.3931248817,-0.1281716564
0.0400154750,0.4176510495
1.8458599251,-0.0800511374
-0.4319662650,0.8860828293
1.9388315786,0.0083389185
-0.3359189095,0.9136450229
1.8145161047,-0.1772271323
-1.0519367251,0.1198435167
1.1675861669,-0.4518538017
-0.6366326665,0.8068152730
-0.5851058841,0.8397710035
0.8846348158,0.3384036876
-0.7918533977,0.6002971038
1.7110684193,-0.1824660345
1.3820472416,-0.4676163852
0.2967466942,0.9027765410
-0.0512748106,1.0048597605
0.0800194623,0.2657601265
0.0036706768,0.3044592945
-1.0026065516,0.2331066390
-0.8449349438,0.7020038896
0.7753760334,0.6243891395
0.8490193739,0.4424756485
0.0464308158,0.3595151758
0.9423775018,0.1379354397
-0.0577241351,0.4339267633
0.8011032085,0.7016893362
1.0432003503,-0.5478392950
1.8353405399,-0.0949275587
0.2568406979,0.9670205186
0.6159355889,0.8469702578
0.1987358563,0.8085003577
1.5984271528,-0.2968350026
0.2500883519,0.8934274842
-0.1490423455,0.9427089816
1.1072455145,-0.5300307880
0.0224707419,0.0037921438
0.0230683119,0.2128434719
0.9801171123,-0.4866864582
-0.4548993536,0.8311369047
0.1363925714,-0.0574729252
0.4927574703,-0.3774795747
-0.0390714579,0.9950529468
1.8388474168,0.0469802408
0.9666775009,0.1201124868
1.8345246935,0.0421785890
1.0703962662,0.0230403644
0.1937999337,-0.1320076468
0.0531577238,0.2598953940
0.0389506246,0.9873342534
0.4359573721,0.8853351905
0.8633955014,0.5407774812
-0.7449269845,0.6666872787
0.7357520991,0.6275150490
-0.7967249894,0.6205115334
0.0326500754,0.3031685172
-0.8822987171,0.3188658677
0.5325056655,0.8129293767
1.7852359685,-0.1237657592
-0.7323111300,0.7757231750
1.6808969381,-0.2478191552
0.6672207181,0.7675573656
1.6108611883,-0.2551385445
0.0355450601,0.4426230003
0.4095283229,-0.2344185426
1.5998619958,-0.2319104153
0.9263250030,-0.4749925121
0.0082436546,1.1176747389
2.0265068029,0.4980097680
-0.7781333530,0.6640615781
1.9810602543,0.1995171421
0.6695666212,0.7415146607
-1.0237106583,-0.0287269817
0.7724424179,0.5233062368
0.8707498938,0.4007137579
1.2569562022,-0.4707273136
-0.6533279585,0.7245657268
0.4586698794,1.0204135779
-0.6568603013,0.8156405347
0.9711720609,-0.5507227502
1.8180023362,0.0560311027
1.7671142364,-0.0500277852
0.1308513558,0.1740602165
-0.2471461729,1.0026292379
0.7629452102,-0.4869390996
-0.0364087835,0.5144845397
0.0144636315,0.4532609160
0.6841658408,-0.5224855336
1.9185208001,0.1725455869
1.2124360708,-0.4645625872
-0.0314185483,0.1227442852
0.8328429811,0.6311251602
0.9746955475,0.0558292499
-0.8133566995,0.6289294693
0.0054988398,1.0460550522
0.8232442886,-0.5460660119
0.9458318293,-0.5388919377
1.9699317680,0.4751927818
0.7037720466,-0.4333967899
0.8957357804,0.2928509488
0.6369378534,-0.4280570611
-0.8814393556,0.3799282031
-0.1182609260,0.9947614557
0.6304042337,-0.3462566374
-0.7416495635,0.6201317305
0.7038665762,0.6993122363
0.9346363932,0.0337072537
0.6030219604,0.7267881164
-0.2340868319,1.0065904682
0.3234607207,0.9652383683
0.4055242100,-0.2424976119
0.9159446744,0.4286341351
-0.8482130911,0.4691557696
1.0021644058,0.0264446950
-0.3571719893,0.9477428147
1.8435856843,-0.0406387529
1.0074434532,-0.4779176354
0.1270043525,0.0970769094
1.1290010623,-0.4475079148
-0.8473144545,0.4346146193
0.3224878546,-0.1914015589
1.2781962025,-0.4346198759
1.9350218758,0.1391933462
-0.2014502910,0.9961992894
1.9558446713,0.3378396159
-0.6004170966,0.8888486795
-1.0060130334,0.2043330661
0.9049470418,0.5559224879
1.7709779571,-0.1746468845
-1.0707550659,0.0067103233
-0.5180982657,0.8153623927
1.0179078582,-0.6110198143
1.5422933596,-0.2539975499
-0.0186750371,0.9920946339
0.0613063597,0.3267698139
0.0690527626,1.0002549303
1.2722438604,-0.3452954869
-1.0055464745,0.4688542319
-0.7078259883,0.7404308717
0.6692172481,0.7096440339
1.0333907146,0.2216370037
0.5513347690,-0.4146494779
0.1058298356,0.9692297298
0.0730061026,-0.0633833851
0.6830354119,0.6992922284
-0.9380182178,0.1623160790
0.1832808431,-0.1328466587
0.4322581109,0.9725486962
-0.8191635452,0.5610480888
0.8085473658,-0.5063350951
0.9434866548,-0.3967033787
0.4802892999,0.9012256754
-0.7525279410,0.6250983998
0.4879828303,-0.4444184936
1.6646763180,-0.3963483482
0.8659938744,0.3755100899
1.6204641890,-0.3304164324
-0.9818810244,0.4544609708
0.1104301243,0.1496924836
0.7160227875,-0.3277791517
1.0720612850,0.2358559537
1.0261891201,-0.4793276624
0.5331026861,0.7766562864
0.2587344802,-0.2211431709
0.1465568853,1.0480099808
0.8247498303,0.3702952906
1.4779986815,-0.4159737109
0.0460108319,0.3796309354
1.6658732160,-0.2745330746
-0.0165341678,0.1495976373
0.1178754371,0.1034498627
0.3908827067,-0.3195460408
-0.9212346934,0.4756762458
0.8562199762,-0.5589536709
0.1146627039,0.1038066078
-0.1272994058,2.7535715320
1.6599697091,0.9932924210
-1.2199067978,-1.2200273983
-1.7095819392,2.3308807289
1.0055750587,1.5403628890
-1.8970775285,2.8495492608
2.1622132040,-0.9383044466
-1.0908751640,-1.0829774507
-0.4787887852,0.6237821582
0.1597250932,-0.5438542990
1.0592644736,-1.3025306967
-0.5392767573,-0.1681907835
0.2803499211,1.9258798070
-1.0016310892,0.5711721921
0.9620728443,-1.7677479364
1.0377242595,-1.1473793816
-1.6747420351,2.7444276863
2.8281601654,2.0419867406
-0.4769311541,-1.5116394300
1.4211651326,0.2007624687
-1.3898088258,0.4758845506
-1.8280573944,2.5466020104
-0.7061000920,1.3126114218
-0.4414446196,0.6003401059
0.7335513967,-1.0757277224
2.8479231388,1.8756641168
2.6974947078,2.4741367521
0.9894998941,2.6093711751
-1.5575374897,-1.0200856879
-1.7738635554,-0.3733483462
-0.0566135516,-0.6432548411
2.1436875458,-0.2162333665
-0.5953274516,0.7134804158
-1.2953788751,2.0109849038
-1.6272467816,2.9344346830
1.8612238465,-1.0064215923
-1.9723894144,2.0773071423
1.5342867192,1.6450358402
1.8563517334,-1.6297767413
-0.2076713573,-1.4206547024
2.3155171294,1.1164906341
-0.3455098757,-1.6822082486
-0.4450883914,-0.3740833899
1.6480308917,1.1877873568
2.4360637129,0.3610746258
-1.4020287703,1.5662239361
1.8039252431,0.8063859878
1.8548358998,0.4689779818
0.6136641469,0.1377050918
-1.8729043663,-1.4605428650
-1.8428540716,1.1820520563
-0.4282200946,0.5428534558
2.5378323696,-0.7535388543
0.0519146152,1.7777556927
-0.8560091725,-1.6151004509
-0.5512427354,-1.1938935637
2.6484882617,2.0406018978
1.1670187826,2.3573029509
2.0183603845,-1.0671497056
2.4627949924,0.6967112096
2.0372007758,2.4804564996
-0.4099826251,-1.4497403774
-0.8603241873,0.1355389431
2.0900738296,2.3036529163
-1.9652393473,0.5537365129
0.0870550157,-0.8894609476
-1.4006731633,-0.3119241430
2.7145485196,-0.3839853399
0.5939531087,1.5150947945
-0.1818519881,2.8589104136
2.8122364747,-0.7410885209
0.4862425295,-0.4956084509
-0.5757975281,-1.8155652632
1.0478216699,0.5133951161
-1.7426062438,-0.6067676788
2.5413294298,-0.8021905467
-1.2755256395,0.4472638014
2.9282522706,-0.7897236424
1.3606777370,1.8080980766
-0.8118122800,1.6410817431
-0.1610843364,1.1615291530
1.1676485538,0.6788734204
-1.5485511497,2.1765124779
-0.3960996751,-1.0674074480
-1.7961242922,0.9544647159
1.3878218092,-1.9170608554
0.5604652915,-0.8675211240
1.2258639520,-1.1281678550
1.4546886905,-0.0663232685
2.6836499437,-1.3123952793
-0.2946682447,-1.4326323938
2.6234680914,2.3866967669
-0.7102918614,1.2999202302
2.0861110010,0.7760040580
0.6482528918,-0.7907385455
-1.5344861610,2.4860787898
2.5020902858,1.1655072864
-0.3048510448,-0.2539521269
1.6297783944,2.4855512998
2.4354321213,1.8993777293
1.2101582308,-1.5793001750
-1.1918564295,2.4927709426
1.0321452983,-1.9540147419
-1.4926422857,1.3175088455
-1.9746920808,-1.1959597429
0.7436689468,1.4594759885
1.2598062975,-0.8786534527
1.5608961067,-0.8137545625
-0.3730015092,1.7324570256
1.2481644952,2.2461170525
1.2880644615,0.8415430167
-1.5316261609,-0.1614209847
-0.6739881616,-0.7800517831
2.8650527738,-0.0345113767
2.4602327759,1.1556931300
1.9740565177,0.5131854655
0.8845194231,0.4625884691
-1.0237850610,1.6122605763
-0.5961381878,-1.8784201678
1.2273614795,-1.1144466030
2.7022929218,2.7696428850
2.5743219511,-0.1492064987
-1.9227169174,2.6415928129
0.1409207416,2.8332740952
2.8180998854,2.2650472773
-0.5277555397,-0.0745113570
2.2556833576,-0.4153899742
-1.1525362666,0.7840063123
2.6807738708,1.4801489834
0.8503058504,-1.5141175311
1.0750361335,2.9502692505
-1.2995799238,0.5916482618
2.3868653596,1.7038430888
1.4850787050,1.5124204199
-0.2025442439,-0.5320407787
2.0468057774,2.0505669734
2.3353615929,2.5662027628
0.5567119943,0.5075814734
1.9914758948,1.2498196539
1.5098343863,1.9789633472
2.4500267091,-0.3100242157
-0.1220852368,-1.5300903008
0.8914007050,-1.8202886310
0.3279900907,0.7132231735
-0.5672937394,0.9541663028
-1.8474987503,-1.8132590563
2.1130028033,-0.1990467929
-1.3646974367,0.6112163003
1.8499677655,-0.9208948625
1.1144523791,-1.5732626750
-1.7415913942,0.6567731578
0.7031756081,1.1871495075
1.6304566686,2.8792603973
0.5815017415,-0.3852176353
1.9759309738,-0.6458387437
0.1948571035,-1.6077180933
-1.8732462829,2.8132420734
2.1799006026,1.4798710305
0.0447647221,-1.1335283996
-1.2178147866,-0.7487855092
0.7461333235,1.5729796135
1.3009868836,-0.6003305153
2.7743264033,1.6894845835
0.7717702626,1.0586037312
0.0980003121,-0.7613450525
-0.2201366067,1.7892305523
-1.9280325569,-1.4196367975
-1.7699867899,-1.7963559884
2.2773029201,1.5182892969
0.3708691454,-1.5108291967
0.4580793756,0.3673588539
-1.1339906504,0.1692582462
-0.0074763280,1.0792504903
1.1754682543,-1.7734799511
-0.1269369269,1.1292995786
0.5156812929,2.2824492059
1.2934681581,-1.1853278646
-1.6471562630,1.2120963910
-1.8674434473,0.9288779064
2.7011512071,0.8773708894
-0.0591503690,1.2164410922
0.2912644525,0.7280839466
2.7073240439,-0.0694868110
2.8059528191,2.5267532098
-1.0210443261,-1.6531934956
-1.4961099931,-1.9088908717
-1.5277851962,1.4150338671
-1.6440567577,-0.4051218485
2.2243765548,-1.8836403213
2.0723424129,-0.5907261261
-1.4091758619,1.4836858268
1.1447142339,2.3873600676
1.6753552190,2.0174046519
-0.5898271371,-1.1128022811
1.7530737582,2.0341736963
2.9525257100,0.0630883846
-0.1399095710,1.8820648037
-0.2959822987,2.6537866280
2.2920637592,0.1449701369
1.7543553390,1.7727143704
