-3.8568196301,9.7521648855
-8.2539150644,-8.1278429056
-8.0386163591,-5.6348218755
3.1393818493,0.9565522282
7.6599597075,2.1779726806
4.3046798627,1.4491944898
-6.2889312438,-9.7716184623
3.0959015966,7.7529944068
-6.2961590971,-6.5028991799
-0.8446751026,4.3009204257
1.8294807950,3.1839388727
0.7205760632,7.8632647839
-3.6478966154,9.2398768079
-9.9468707437,8.3020184228
-10.4862583944,9.4542793464
3.1215438576,2.2501033773
-8.5133030782,6.8684978143
3.0115974392,6.8112192564
4.5986064787,4.6315470789
-8.7481987647,7.9059909236
-0.7949634013,10.1421856772
3.8155973170,1.8829968847
-2.5629366817,11.3612516119
-3.5621851548,8.0199347519
4.5323461541,3.2772729560
-9.1513326549,-6.3977197763
-6.8561996902,-5.5266938326
0.1589304345,2.4730708849
-6.2573289406,-6.1851767981
-3.3396715811,7.2174692893
-1.0781949778,9.9913730052
-8.5543352957,7.7693893256
4.7449570809,3.7159871379
-8.9371377370,-7.9442710969
-7.5614487693,-7.2080895094
4.7055960442,1.7526666815
-8.7847188242,-6.4496758118
1.1668291332,2.3927892344
-0.0500873428,1.4641294468
1.8259115272,5.8538112308
-6.3281532517,-10.0301493548
-7.9511645290,8.3438534562
5.5499634249,1.6983747559
-7.4190716998,-6.4284485845
-8.5369213807,-6.5492974528
6.2297834123,2.8986786083
-0.7860490725,6.4047154600
4.9543679591,1.2357154055
5.6589387607,0.2499786312
3.4125805111,1.9681079978
1.7369389682,1.9152815530
-10.1060586943,8.1536063901
-6.7366108920,-7.2752819174
-8.7699819349,8.2586336229
-6.1691790759,-8.2696812882
-3.9596618377,8.9427190940
1.4075983692,5.3364896217
0.5722473988,2.9673553493
-9.4354345714,-8.2668085755
-8.9569287694,6.4548367510
-6.8501795930,5.2133004013
-9.4125535411,7.1379294961
-9.0111641055,6.7461085829
-7.6323034804,-8.9388079151
-7.5736697582,9.0677807818
-5.3153855046,8.4870159021
-6.8832329525,-7.7640170710
-6.7279256378,6.5973451736
4.3829015597,4.8464835720
5.9754535815,2.8359772081
-1.0147973939,8.2736512535
3.6162861710,3.5980010573
-7.9791766844,-4.1530167094
4.3619473479,1.7784386343
-2.5775766476,9.3792953022
-8.9405128944,7.8694788618
-3.1788480449,9.3054211175
-0.3510345153,4.2367931047
-0.3324822114,10.4531923673
-1.2710730996,10.2345505822
-7.0284155243,5.0327711306
-7.5056774116,-7.3227444646
-4.4948687239,-6.0190027619
-5.2283950935,-5.2880531460
-8.3039485736,9.2158017943
-2.5656496767,10.6692389512
2.7356828888,1.5411080189
5.9162257795,1.7671120013
-0.2923565559,8.2368808008
5.6844600074,3.4061274968
4.6107494274,1.5184000097
-10.3258727518,6.3742025032
-7.3258504925,-4.9121339854
-2.5457295114,12.2276916661
-1.2761073831,11.8594756022
-10.0578493150,8.5584427890
-9.8302317465,-8.5558892858
-1.7301778517,11.3133944977
5.6455997621,0.3653838344
-9.9473848678,9.1113719171
-8.6096257960,-9.4111261139
6.0856975114,5.2889541863
3.5626421623,5.0608178678
1.9169696926,0.3780346797
-4.1102426549,5.6382818656
-6.2667162296,-7.3418223000
5.2674761676,4.0755675734
-2.1926714222,8.8692164604
-2.4724323617,9.7612835651
3.3175925986,4.4186555323
-10.0246504442,7.3745350598
3.9216226522,0.6790060379
3.8359336686,3.1852563814
-3.4676402446,7.0296514381
3.9011113314,2.9929224236
-4.3423893364,10.0837837735
-0.8911763729,8.9565234239
-7.0492250085,5.4367206816
-7.5546464781,-4.9943857680
1.7559062427,5.1452897626
-7.7831675569,10.5559159316
-4.5489818345,10.1336664772
2.0693940332,6.5728190155
1.5280662845,6.6737410653
2.9354036186,3.3257556971
-1.7366447222,9.7849650546
-6.5864045938,-7.0283773951
-8.0552756895,-7.9159211718
-9.8562923486,6.8461666239
6.2178002628,0.4760787430
-7.5441932228,-7.5993490444
3.7134009931,1.4990603999
-6.9003838103,-7.9147012544
1.1611763692,3.7397633286
-2.7688053595,9.0376546996
-10.6301121663,7.7522278457
-3.4652783140,10.7978109249
2.5304026407,1.8485113250
-11.6160918540,8.4989074127
-6.8222701987,-9.0529967152
-10.3166371577,5.8689073360
2.4309323298,4.7876491907
4.1377158381,1.3676969891
4.8925703006,3.9495659874
-2.3097431118,7.9641049058
-9.7329448686,6.8747502569
-9.7598124728,6.2588394271
3.0114770965,2.9555289338
0.6591457287,6.6882388078
0.9115650754,5.4586882137
-7.7867441880,-10.1884586789
4.3996796429,2.9801797986
-6.7837760952,5.6944410423
-8.4679885717,-4.6576144896
-3.2157550815,9.3623610342
5.2831035867,3.0128280948
7.4916648649,1.8821784632
-9.3865866621,7.0965740851
1.7014874835,5.6169258586
0.1734897680,3.1347139600
2.6112514083,4.8418298412
-8.8180212338,-5.8455478854
-6.7944834776,9.7844447607
4.1612979327,0.7791308987
-7.9099983096,9.7810625139
-2.8213809986,8.2747847262
3.9050189174,3.4149427708
5.7451446819,1.5511783483
-2.0188065624,8.6856353350
2.7709439591,1.6230453085
-6.0524127783,-6.3692257687
-8.3396954482,-5.3694095886
-1.3882572154,9.9298415263
1.0372662164,3.7709879940
-1.9389008465,9.9301647461
-6.9529729664,-8.9878943635
-7.0636905915,-6.7400510319
-4.8103688792,10.9308013610
-0.0605806672,6.8690740613
0.6092099595,3.3394578278
-9.4644733296,7.8396037978
4.3548202837,1.4370015497
2.1528249555,2.6072361980
3.1630594142,1.5470302602
-2.6248501872,9.5260140904
6.6808667300,0.0099390853
5.4379299819,2.3096835583
-8.3535495329,9.2492482053
-3.3696906334,8.1939977163
-8.6430190996,-8.2227143567
-7.5682626565,-7.9220101470
4.7626228740,1.8248352042
-9.5837257943,7.0496694539
-4.6050361083,-5.9769321127
4.5074557637,5.8427336904
-3.5292347054,9.3626666739
4.9596737786,0.8452156863
-11.8015594135,8.4501720973
5.4215624788,2.9409930629
2.1830551078,2.5436824439
-10.2128091352,6.0681418598
-1.7249443910,8.1537361223
-9.3624867475,6.1646697924
-8.2557641628,7.1812865686
-7.8389232486,8.1904907010
1.2812010158,8.2179829688
-8.5755501936,-5.9460427574
1.8705970429,0.5789033937
3.2367207832,3.6021428582
-9.9357753650,10.1591839432
0.7183697544,4.1451508504
-7.0887229921,-5.7706298657
1.1426775115,3.2317933635
-8.3637902743,5.9956498863
2.8913203745,6.2794918737
3.8024262053,0.3229383345
-8.1510780841,-7.8582429262
0.2227123372,5.2098310835
2.2921717892,5.4181973588
4.6710693977,0.8811652721
2.5022480216,2.0510364552
-8.6065872582,6.8186940307
-12.1039253263,7.5912379113
-1.2744417471,9.1242630790
-0.7400374420,8.3105226500
0.0215148296,10.3367457636
6.8660528790,2.5065897071
5.6853104430,1.4724404493
-10.0523989883,8.7585776951
4.9242512611,3.4747388228
-11.8926585109,7.3947631179
-2.6723378457,9.6168537113
-7.8161452757,-7.1568976298
-6.2891737821,6.7208303751
-4.6813241353,6.9030904666
2.2271963282,4.1995294729
3.0307642976,2.3320399801
-7.5783355448,-7.1063661606
-7.7906588410,-6.9959411611
-3.7358619384,-4.4884460057
1.9954577694,2.6968514829
2.0695375783,5.1965620704
-7.0678085812,-6.3882903070
4.7926632791,4.2966999112
-9.6148666159,7.1913860495
-11.3743351980,5.8557735967
-0.9286873615,4.1295843870
4.2888490476,2.6727072456
-3.8883339744,11.3391877357
-1.4177533076,9.0922049569
-6.9300460382,-6.1979982251
7.0582097786,3.3184286577
-7.3737988707,-5.7823035368
1.6699138276,2.8211789171
-8.4019821703,4.3302252448
-8.8043814776,5.2151783347
-6.1300995257,-6.1721061869
-7.9436660503,6.3720941440
4.3952783903,0.8558157167
-3.3188371435,7.8468290401
4.7728652227,2.2691432450
0.7891862171,2.3325248561
-6.7706064047,-7.4973493101
-3.7219380274,8.2616505628
-10.3153099339,6.1347377448
4.3876631084,1.2650338174
4.8939200723,-0.1474020614
-7.2253126537,7.6395256133
2.8186417062,5.4486601623
-7.3275919557,8.1005150801
-7.1818644921,-6.8898915661
-6.5836887927,-6.4131465831
-5.5089697591,-9.1987042733
5.6287473389,3.3795248904
-4.4005235546,10.3910790488
1.4003598840,2.6686906161
-4.5843343929,-5.8827188498
4.3561982501,3.3556448518
5.2285027870,1.2097242454
-10.6739673077,-7.3250207819
3.6296428999,2.3916609273
-5.0483952429,-8.1952702651
-2.0877098215,8.0802368485
1.7399965767,4.0060712758
-9.2228387742,6.5164512778
-10.3158174454,7.6215429298
-4.9641791120,-6.3730743716
-2.0027936299,8.3964706790
-1.5513089349,6.5220060348
-5.7761941953,-4.2074112301
-2.8696857203,8.4520549169
-8.4019067101,8.7602823622
-3.2170954217,10.6477120236
3.9959254995,0.9345382141
-8.7862571335,4.3707665953
4.2370828644,0.6363813458
0.6131053719,5.8403189323
-7.0554325220,10.0975661276
0.5503113301,2.0542261400
3.6575754414,3.0393074590
-9.1207197593,9.1131923343
5.1670511475,3.5783950414
-1.1348240237,7.2247184217
-8.3716627699,4.4890489774
-2.4896947852,11.1945872439
3.2488491349,2.3307231580
-3.8990355236,-7.6765659400
0.4378900763,9.0671814562
-1.8647702944,9.3258176589
-9.1069676842,7.9172525871
4.1480367615,2.2059557097
-8.0586062401,-8.9516764980
-1.4618626526,9.6045142063
-8.9948419461,7.9134834905
3.0316703182,-2.4088560413
-1.6841194745,7.5617694459
-3.5031332615,9.8701841311
-7.5290912301,5.8742878304
1.8496356940,3.6425725624
0.1969551694,6.2065163262
-6.8715765099,6.9870444592
-9.5247776306,7.6020557861
-9.6105017690,7.6888182218
0.8059593306,4.7116726208
-3.1394778487,8.5916092149
1.1760059651,1.9203948660
-6.3281974308,-6.6579754636
1.3808745172,3.2443021997
2.5598170015,2.3666146630
5.1493696167,2.6495840128
2.1465490906,3.0691937045
-9.9243132542,7.0304373887
-1.0641334292,9.6334575186
-9.3112727396,5.9119888645
-8.4191810027,-5.0351087342
3.1570327663,1.2903614500
-2.2494262343,9.5922621978
4.7052825058,4.5157462446
-8.2012296961,-7.9484407387
-0.2219379849,2.7841333062
1.6907365396,4.2655062599
-8.5240264112,5.6860851573
-2.3857716391,10.6125066908
3.8015184459,6.4719375257
-9.6447963933,8.3066286603
3.1823937344,-0.0962575632
3.4803856835,4.1414946029
-6.4889637962,-7.6883723776
1.0557898343,0.0527412467
-9.3470111755,7.8786145884
-1.0835618658,8.1489306447
3.7735649693,3.0755044602
-8.7357671485,-6.7159968855
-7.7497070532,-6.5210028425
2.7496316885,1.0486275719
-6.6153866040,6.8986958571
-1.0465180229,8.7937000559
6.7251901598,2.8098851435
-9.3825260795,-5.2920167985
-6.6622954415,-6.8442550283
5.0761105376,4.8649186731
-6.8513986165,-8.6375911143
5.9633784297,1.2950341847
6.5745079674,2.9829417108
3.8582233646,3.8650208542
2.2960600509,1.1795906679
0.2894641437,9.7250355096
2.8489913266,2.1875843261
-6.3938645600,6.7645095396
2.9911358653,2.5128844286
5.5686102277,5.0594128885
-8.1072701901,-4.5815580063
-8.4168138812,4.1246294763
2.6927728104,3.2035728182
-9.7508539037,8.2123183765
-0.9614308138,6.7859455686
-3.2043241623,8.3156914978
-5.8228673814,-5.6965245622
5.5199195384,1.2608141990
5.8404931241,3.1046066787
-2.1759969656,8.2961631957
1.3538247803,7.2421795911
3.2052242710,2.6817791008
-2.4188523081,12.7091492969
4.6612884380,0.5422605548
-9.2586021595,-9.6999961710
-9.7480096543,-6.9830606624
3.3871644838,5.1074777665
-6.9905485396,-7.5575988075
2.2466971711,4.3081923180
-1.2904088895,11.0486461711
4.3231834780,0.4924003932
-6.9252416496,7.0959512651
-0.0485978240,3.5072183937
-5.9747559403,-6.4328718943
-5.1968404068,-3.4000485103
-7.7039628950,-5.5907277628
3.9749554594,0.6459656129
6.6053419554,4.0666954001
-7.3449554856,9.8782818304
3.3868582563,5.1908933756
-2.0014530118,8.3913542573
-5.5678515800,-7.8547574335
-4.7055011411,6.8651069943
5.8982895869,1.0472899041
2.8468250143,6.8635967048
3.8089290170,2.9335440159
-6.6218681815,-6.0502327633
-8.9624002925,7.6881605070
-7.9231695069,-8.2573000684
4.7337129965,4.9206880391
-7.1192863941,3.0672632534
6.3004998402,1.7925979380
-6.9590638050,6.6511859910
-0.0109859564,10.5358412257
2.2704057253,2.0884252029
-8.9890413375,7.2374368610
-7.3699934188,5.2659082216
5.8505627312,0.5128503844
3.6271114238,1.7563916779
6.0940646370,2.6139612267
6.4595253862,2.1857450544
-1.2901209295,3.8155719581
-8.8875358907,-5.8407316587
-2.6208477667,9.9452942745
-6.5854300026,-8.2362120279
-2.9140100260,7.5461405545
-7.0213152628,-6.2506946352
-6.5361326025,-9.6669617704
2.4843150882,2.2071844106
-1.5409713513,12.2591682132
3.8205121638,2.5608756920
-4.2713501634,-7.3619737425
-6.9262155905,-8.2446347187
2.5125833358,2.0775034606
-6.1993641223,-8.3535506447
-6.0351009958,7.9530813280
-2.2393563963,11.1022895577
-3.1842958303,9.9485610267
-11.1447049513,7.1061660469
2.1490779486,3.0910745511
2.2183352716,3.9491629259
-6.4405205885,8.5267156034
1.3221620169,1.9369749079
-9.0635031835,5.4275136636
-3.5784662971,9.1739314697
0.4743508091,3.5010627493
3.4681606360,4.1313034283
-9.6065960292,-5.7405411500
-7.8304108449,7.8998260235
-9.4036152323,-8.4161524796
-3.2959780225,9.7483479700
4.6712085687,2.3192210425
2.2235498589,4.8039646319
8.2588019686,3.1500761158
4.4730397442,0.6173082217
-8.9460534423,-7.7272705995
4.0900046761,4.3351884368
-9.3579675156,4.9061718768
4.7530292946,-0.4297790339
-7.5070718055,8.4647928970
0.1873321672,9.9755504201
-7.1710308891,-8.0137968435
-1.0365493926,8.5270390529
-8.4234554982,7.3363570367
-2.0230716690,8.4366627076
-2.4197520682,8.0438809616
-3.5245806235,9.9318005615
-2.7010740103,7.5809754673
-8.4503360349,7.6426325793
-7.9450914102,6.4386807808
-5.1772779964,11.2583525954
-6.9552223424,8.7423273810
-2.6172128054,10.5195854750
-3.3257717098,9.1806700128
-7.1543528977,-7.4151192945
-1.1231570942,8.7369329235
-9.8008279868,9.8215507919
-5.5605016294,-8.4961737088
-7.2020352507,6.6291136475
-11.3721023136,6.6166273044
1.8145318680,3.5256164924
-9.8391113838,6.2240695668
-7.9825823822,-5.7978906076
-0.5104575472,2.4813804222
-6.1848177530,-8.9308163030
2.1490004144,2.5575698153
-8.2695980785,9.1688561790
-7.5449924888,5.1991823318
3.1557989930,3.8286191490
-8.0796850377,-6.9753964552
-6.6754102479,6.5549615545
-6.5936738043,-5.4681437221
5.0204883285,2.6747094416
-8.0245563474,-6.8232028401
-7.6689989759,-4.7976029260
3.4608946455,-0.0236797464
-5.6069808678,-10.2504435943
0.1106106025,2.2489440011
0.7957766400,2.4607060207
5.6652328210,-0.0757638829
0.1629568057,1.9071456429
1.0365977914,3.1148732001
6.4656166175,4.2551437618
1.8151767329,5.0481557328
-7.5532740363,9.8395885472
-9.0632388353,5.1737951937
5.0093558625,4.7508218217
3.7966267964,1.6593368733
2.3820868536,4.8909165459
1.8358715691,3.8443752112
4.3692913136,4.0324423960
7.1487374165,2.6016981980
-8.9758867929,5.9918686482
5.3669780622,0.7036347015
-6.1424830121,-6.0254690575
-3.8712337363,6.8958305762
-9.8386008321,7.6203979165
-5.2569770996,-8.8484383834
2.5895607886,1.6360215811
-9.2030679787,-6.4931456214
5.7684229245,4.2304611360
-5.4129038666,-10.0385800060
-6.1254505508,-4.1855683589
-6.8143551882,-6.0429003215
-1.6695119512,10.6354572165
1.4437912884,4.8132055251
-4.4441389727,7.0716679701
-7.3107984703,-6.4491162367
-2.5612249541,9.3656082270
-8.0494066105,-5.2571323794
-2.3451054311,10.1029360640
-2.3170410007,7.9927086420
-5.0478945676,11.3086116074
-7.9578757726,-5.7626016240
-4.5314757562,10.1291822692
3.9955626713,4.4771960043
6.4132053736,2.6699189575
5.7561667935,1.7013334241
-6.5746312365,8.2319322644
7.7894615200,1.6026311328
-3.9936048534,8.8256057480
-2.0199980897,7.1376157636
6.0187222381,0.9709535556
-1.5879475730,10.1505476933
-11.1655961302,8.3166006676
-1.8434684808,10.1762372083
3.9847992322,1.8739707620
-9.7713799650,8.1976292903
-4.5781764651,7.9178910683
-5.6185254680,-6.5684058322
2.8686596133,3.6446522259
-3.3375321895,9.9636838548
3.3229049561,0.7328491529
4.0489713698,6.1005694902
-2.1725198952,10.5849335821
-3.4851614767,8.2835980526
1.1269580578,1.6497473652
-8.4692023337,6.1201028748
4.3001604984,2.5242179442
-8.3048243338,7.6108890098
-0.4044006859,4.7326186630
-2.8799636968,7.9913097562
2.8847092971,-0.7298009724
-7.8920282193,-7.4847235769
-2.7681385730,10.3397760344
-1.7262852746,9.4597631380
-8.5667336425,9.2784399715
2.3507461086,2.8987191081
3.5365839223,3.8273094468
-2.7511261906,9.6203624134
-7.9399660431,-5.5967761047
0.3675236630,5.3922818103
-5.7273163662,-6.5570148351
-8.5702856814,9.1673450919
3.1942404469,0.5374433116
-2.0107266051,7.8915563234
-6.5416653081,-7.4343999865
3.0042802201,4.0895682536
1.9269399261,1.9850597193
-5.9643029368,-6.6446501518
1.1102910205,2.6397319659
-3.2372429448,9.1370973373
-9.1421140972,6.5310773455
-10.3939268670,8.3215763180
4.6015173679,-0.6804441734
0.7463803554,3.3499412572
4.4384157240,3.1893820937
-8.2056576453,9.2888107776
-8.5634444005,-8.2563638248
-1.2784743513,9.7751971749
-8.8113024486,8.0324684343
6.0102557756,0.7684012579
1.7848420178,3.8856707162
-4.2772223274,-8.1652677340
-9.3388534349,-7.4688162524
-10.4765095572,7.5265304373
1.9382922350,1.1591589843
-9.6879196435,8.5709480948
-1.9736743941,7.9749217353
-6.7727465663,-8.8203710311
-3.4709751105,-5.5465539099
-5.4524532756,-7.4298701238
-2.8880498501,7.1426113553
-5.2207765546,-7.7260308254
-3.5868639549,8.6941154006
-5.6103607731,8.8806060689
-4.7032358687,-4.1693146278
0.0947480817,9.3111523034
-10.5201933668,8.7176378927
-6.3203157466,4.4560620895
-8.1721817965,-6.8350623745
-6.0463582216,-8.2581393605
-8.0730915533,9.2323781599
5.4933534550,4.4157646186
-8.2412614614,-4.6011837078
-8.1163984334,-7.7929941781
5.2255761111,1.8183370545
-8.9179879592,6.4970502102
-1.2007166680,9.2892991368
5.1613935615,1.2423268378
-5.8612067095,-8.0987131167
-5.7168939501,-6.0505494645
2.4318163111,1.0494914996
-10.1236055543,5.6344419741
1.6358695066,4.0570013760
-11.6040181319,5.9880461435
-3.4439084127,8.1810704495
-1.7876837754,9.3501121646
3.8198587093,1.5656870185
7.4498255006,3.5932417825
-6.2371521526,-6.7643748489
-3.4112490890,9.4939590294
3.8368865573,1.8373697605
-4.4659018738,10.0187949514
-7.2993427047,-8.3269162856
1.1109470472,6.5137252002
-2.3793129418,8.7807702751
-3.7793882002,6.7420152912
8.6063938568,-0.2812858087
-7.7412573778,8.2091560074
-10.9612285445,7.6513239791
-1.4266895270,7.3207084714
-8.3158151478,5.9767778159
0.7537905781,4.1403031071
-1.9103629391,9.9850800378
-7.0654911172,8.0448850546
-8.1479203192,7.6157864259
5.9751764529,3.5260436860
1.4098644564,3.6188987516
5.0337208297,2.2635545510
5.4416373089,3.3046528228
5.7022004711,2.3229938808
-2.6083173210,7.1977618286
-11.2137103413,7.9430212837
1.0689885866,4.4739353189
2.3299132437,1.7263777610
3.7512723898,2.3353458657
-7.6340893470,-6.4848787703
-1.5764826797,6.6589490484
3.5731218173,3.5502613950
-7.7594240955,-6.5437849868
-8.6524383793,-6.2058987240
-9.4522904678,8.8324096832
6.1886981427,3.6632273892
-5.6166516480,-7.4339203939
3.5646453553,-0.8266352417
-4.3787910238,-4.5952516607
0.6233644341,8.8049016860
-6.9957923822,-8.6730502387
-9.7172192666,7.8171830836
-2.1680077211,10.9750002596
-6.7507876817,-10.2090601524
-7.1599714284,-9.3258194588
1.1225671999,1.8232710634
-1.6232153770,10.6773414991
2.7616261926,5.4118563632
3.0560469205,3.1360001325
2.5039431076,1.5731911901
-2.1434965524,8.1681681821
4.5560836353,6.6663357280
-10.2935141472,6.7271862673
1.7943491614,5.7516672839
0.7067185109,9.9651646617
0.8760200549,5.4757124535
-5.8513655830,-4.1071963433
4.0924497419,0.7143551829
-9.4764291463,-4.6377022521
-5.0965743718,8.1708548343
3.0770140482,4.9612625328
-8.6831705627,10.3866369757
-2.3715564582,6.0329327563
1.3195560648,3.0233036690
-4.2356879892,9.5778331557
-3.0232693978,7.8108702244
3.0308842413,4.4114352820
-4.3296911293,-5.2727948649
-2.0474949697,6.4490335392
3.3086405695,1.3169822335
-5.4813398448,-7.2349425241
-4.8441413833,9.9233010552
-6.7325258818,-4.9363019205
3.7059047936,2.2650808668
-8.8504975591,7.5606567535
-9.7337891867,3.7380663643
-6.8176387427,-6.2156063976
-6.0533566018,6.6008739589
-6.9267859467,-8.1527525446
2.7415615569,5.2548633478
3.5565624422,3.8757822770
-1.5605860145,10.4731178026
-8.6142825332,7.8697333596
-6.3754097466,-7.2213239832
1.5200957537,1.4705698861
0.3200812288,9.2761528474
1.1193835720,3.2116044608
1.9755259869,2.5861489012
-7.6193114248,-4.7146615881
2.8695637728,6.6151482651
-7.9551514148,-8.8069859918
-10.1225825176,7.3768720265
-1.7681523436,9.4052967769
-10.5650583615,3.0649049263
3.6671209122,0.8745707792
-5.9189074984,-7.1658642523
-8.5175280417,-5.5447383420
1.0035184458,3.2992377785
-5.9158137895,8.8611866444
0.8646890130,3.4145087857
-9.6679624820,8.3673186741
-7.2031286475,-8.1895512290
5.8301119171,-0.6496282759
-9.2546441411,9.2604336740
-1.9362944447,9.6593485990
3.7718560534,4.9579150489
1.4344850868,2.6348050923
-6.5607661452,-5.3396301983
-8.0729627931,-6.2435186865
-10.3013767976,9.2787848134
1.8587651049,4.2130145195
-8.9777440666,6.9642700325
0.8654997855,1.5004971318
0.8001662306,4.4256772338
-7.4991239244,-8.2701570565
3.2071798181,5.6158050946
4.9279525110,1.5094949876
-6.5304470767,-8.0152555588
-10.7350753671,4.6338632367
-5.3475522480,-3.7474454340
-5.4420484614,-6.8026181280
3.9348156146,2.3719870284
2.2680927832,3.3157271551
-4.0182236953,7.1930032090
3.6485976009,4.4769061163
2.9709815598,3.4501842933
-5.5065417778,-7.7044200052
2.7883555284,1.0844732952
-0.2556620449,9.1254282988
3.8167914746,2.1124370357
-2.3786270207,8.5657751025
-11.8643359538,3.0750340280
-9.7833652259,8.4214561693
2.9273451650,1.6826804950
-9.4381763498,7.7274650444
3.6527041026,1.5175806408
-6.0774011866,-5.0366388395
-2.5616803588,11.6704870817
2.1356647939,5.7347477687
-0.3784412511,8.1581666876
-6.5461924074,-4.9618108733
-8.0937275800,10.4361204745
4.0744192606,4.3503036385
6.6155514372,1.7960668935
-8.1711670449,6.0850423913
-2.0229480943,8.8190715466
4.0859631274,2.1882523850
-7.3823338629,-6.3666028415
-10.5740026847,5.3238303833
-9.4279068922,8.8259706533
-4.5352940384,-7.2910992160
3.0631850847,5.2363355656
7.0106898661,0.4505283962
-10.4209618089,7.5129245198
-9.6397438079,-6.9285305099
-8.2587537759,8.5801692478
-4.6334796664,-4.0935560780
-0.0656373366,6.7176046730
4.0918965093,2.2501901427
1.9529084090,4.3326037943
-2.3912448376,6.0169851014
-9.1337104686,6.6266512983
6.0768415815,3.8154590560
-0.2541001704,10.3303295641
6.6321700490,2.8075146980
2.3572216047,2.3638633685
-9.6866923084,6.6165493338
-2.1417477664,8.2538713651
-1.2636938982,7.7301603893
0.1475697255,3.7635952452
-6.4493227592,7.3525390217
-6.9121840657,3.6839348097
-1.5600248239,12.4203254149
-2.3378561501,9.2397387704
2.7612886696,2.5186175079
-9.6959468196,7.8224341810
5.2454739717,1.9368762744
0.0185066286,5.2476563949
4.4485551557,4.2399020793
-8.6237546018,8.5979408983
4.9407326321,3.6961257081
-4.9840671747,-8.1495835595
-7.0167265274,-7.0014273401
1.3595268440,4.3277811302
-4.1307916259,-5.6588819501
-6.3788372413,-4.7330594205
-5.0995252609,-4.7256064847
2.7955544445,2.7182185188
1.7092976780,3.6924488873
-7.3466566934,8.2925321962
-5.0792345665,-7.5748516364
1.5194341121,2.1498544860
4.3691589658,6.7628310357
6.6697493860,3.7741888489
3.4861653115,0.5633150323
-7.5039187985,-8.5752136018
-7.6542716570,-7.1748094684
-9.6253213672,8.0640051870
-2.5338319672,10.7968760384
-5.3847714253,-7.5798526621
-10.8886153016,8.2123738263
-4.6070489838,9.8587399832
4.8807398078,1.9777387142
-3.9814605996,9.7074413396
-7.3124502350,-8.0557398750
-6.1123778281,-3.9773785332
-9.1821875624,-9.7001246441
-8.5140767472,-8.0572524555
5.3298370506,0.9565966293
-7.3953469730,6.9680049605
3.4963249490,2.0613454711
-4.6322537361,8.3833181441
-2.8952624292,6.5114100174
-1.5832026668,6.2501354681
1.2968745255,5.4241227181
2.1098556711,3.2556631591
-8.2022274644,7.3826934879
-0.4160158155,0.4015942001
-0.9760331254,4.2124959354
-5.4119940231,-6.0968957744
5.4446436016,0.6254677113
3.1486094040,5.1430980966
-6.3001422144,-7.1868164248
-0.7088401818,3.1027913313
5.0379223603,1.0990316975
-10.0924209848,9.4602666474
-7.1884163375,-7.9999771131
-4.4895474336,11.7614742770
-4.3478461176,6.8177238079
-2.4044944956,8.4363157329
-2.7746184643,7.8168402614
-7.6640171542,6.6768345611
-9.9623642908,6.9912180191
-9.0045465971,6.7411583352
-7.2051527668,-7.3428337760
-5.9413651659,-5.5522623688
3.7212227743,2.5154249717
3.7222251999,1.9176144884
3.2570891165,0.4672336258
3.7463868952,4.0348268237
-6.3347234679,5.9096859068
-7.3193716422,7.0862921489
-10.3283658060,5.7997046750
-6.9640704056,5.3243568193
-6.9722734909,-6.1609473161
3.6658192787,3.9551257324
-3.6840775616,8.5311938539
-11.4516602956,6.5044602173
0.9627902270,6.2133883393
-0.7852876336,7.9595214905
-7.4113683902,8.1138698010
-2.3635812990,10.4672536140
3.4858703014,4.1625848171
1.0793187773,3.7451811276
-6.4034472993,-7.3794001998
1.9450158421,4.9160871089
-12.3958167979,10.3866273949
-0.7402518470,9.1155638503
-0.0744079828,5.9653163138
5.2975924444,2.0025946705
-11.9138639426,8.4322936576
-10.4765401468,6.9430087992
5.8149646002,1.5958613549
-11.1828792165,5.5543334187
5.0880081988,0.8454831088
-4.8866659488,-6.4103328825
4.6762080212,4.0915005171
-9.0085487255,7.6558606259
0.4382540349,3.7760338682
-5.0092896178,-6.9731156073
4.3804597463,4.5407324042
4.8401901934,1.7444649294
5.9468247824,-0.0457998364
7.2482283319,3.4414567601
3.0510869628,0.9308556952
-4.8148825161,-6.4104113833
3.1161461078,2.0656894587
-9.6271505620,-8.4570744607
4.7297777816,2.3892350909
4.1002258675,-0.0159018452
4.8246860464,2.8003977480
7.0629423704,1.4896889801
-8.0972318782,3.0415829211
5.2991306822,3.1415744392
1.3086070689,2.9222835683
3.6587653115,-0.7727796613
1.6100967777,0.8595863457
-8.2060086313,7.7237505099
-8.3772224021,6.0866045398
-8.3075048812,-6.7638888155
-2.8357194279,10.6624514062
-8.5469975654,-6.9338479613
5.5635355609,3.7789963397
-1.1267341618,5.1862860781
-7.6485642243,7.1404372173
2.6905069808,3.2177683108
-9.7083522556,5.5888991904
-1.9149253497,7.9849661190
5.2044931254,0.6200923524
-2.7895050893,8.3546895408
-6.1937065842,-4.6963761101
-2.1557757859,10.1705839190
-8.0629079830,6.9912530211
3.7002487361,4.1810166175
4.5324630633,4.8240716605
2.3870022176,3.4561465477
-9.4874885820,8.5142506162
-5.6094710283,-10.0709507238
-4.5258733896,7.6363082085
-2.5377219349,7.5104920812
-6.0511772846,-5.9416631928
-9.5205198327,5.7638131190
4.4060315693,1.1507387392
7.3406456085,3.8315892133
-10.1892132854,5.6243454886
1.7287524381,5.7515861658
-8.2783049171,7.7920902312
-1.4014977531,9.2713385500
6.4973034434,2.0050770490
-6.3951654357,-6.9716155511
-8.4859058192,-4.0129809626
7.4667582951,4.2880349763
-7.6163578119,-7.3074228333
-11.5699568606,6.4270213906
-6.1182162089,6.8092046232
0.4388410002,3.6309229166
-1.2556594550,7.3197258462
-0.1824696598,9.1877980796
-9.2029195550,7.3269548197
-7.7990441229,8.4254792337
-9.4737256292,5.2750968092
6.4347360887,1.7353753244
0.7526487827,5.5499598702
-5.0795087565,-7.6179632645
-5.5125831079,-6.7214789064
-5.4523025353,-8.4118532796
3.1423006774,2.4258575337
-7.0079034120,5.7085042243
-8.2663633382,7.7910021995
-2.9555428781,11.0778463482
-10.9274309649,7.2716969796
-8.3558099446,7.5756126244
0.5524118727,1.2254436722
-8.4222900637,7.2901044467
0.9917790853,2.1356176094
-7.8310309990,9.6155699546
7.3464010009,1.6868139963
4.6445058385,5.7215442858
2.4319778863,2.6641331682
1.9401326944,2.7778320787
-11.2738002262,-3.8006515565
3.9853000004,1.8087549781
-6.2994144101,-5.2436389555
2.9890779723,5.5538200929
-5.8365234793,-8.5916223579
1.0200856624,4.4515207338
-9.1246360860,7.0262294009
-8.0382888896,8.5827256723
0.7335580513,2.2715919041
3.0014096892,1.4985570094
-1.6170661106,10.2944094664
-2.2120704819,8.7977455103
-6.2583061954,12.4506999871
-9.3645620027,-7.6667817977
-7.7129473604,-6.5735260459
-9.1105013605,7.1640174117
-3.4724525730,-7.4867057281
-9.6725058768,7.1284324752
1.2449212766,6.1493656916
4.3197145298,4.2092588892
2.2494048068,4.6091292769
-9.9821066154,8.8779772536
-9.2023758784,4.4885076587
3.0958215740,-0.0558357448
6.1407523133,0.9672393703
-6.6601512079,7.3447468129
-3.2216155898,8.0342922793
-6.1694193426,-7.2815712296
-2.9708649755,9.3430116197
-10.0057966004,-4.2930646186
-7.4215930341,-6.9763858352
-10.3678707362,7.6330655725
-2.4364151811,7.7678609536
3.0863290065,4.1906389392
2.5071628361,4.2251701619
5.4480128249,0.5921592943
0.5736262856,3.3535910460
0.2607578710,7.4091589787
-3.7505566168,-8.4022488331
-2.4815467235,9.5356586862
3.8776685398,1.7514992057
-4.1307824337,10.5940154082
0.8716990518,3.2556941097
-2.0745353377,12.1273873262
4.5341306691,2.7029221497
-4.7882525720,8.2879350189
-10.0382385167,4.4615197098
-5.9531590644,6.1616004605
-1.2692734699,6.5606579661
-1.7517167046,10.3129189195
-9.3961145801,6.2308304830
4.4079055877,3.3077292579
-8.1943165224,7.8929823881
3.1300649883,3.6829875256
4.7253985236,2.3760581022
-2.2290474763,7.8812117297
-9.2583177094,5.4049768112
1.9719974602,2.4526474228
-1.6885515513,8.7109971495
3.4112628859,4.0248377654
1.7593584400,4.7604279585
-7.0228235618,-9.5444790935
2.8289525204,4.6210357790
-1.5411336987,11.0672334645
-3.1982389724,7.7395195740
-1.9561876597,8.4242779097
4.6078278947,0.8523521652
-6.5761339965,-4.4323242446
-8.7643875326,-5.6603018132
-4.2472275837,-6.8525071471
-6.3935416488,-8.6016466780
-8.5073529810,-8.1182253882
-8.3924592173,-9.8240481308
-6.0199354713,-9.5589093312
-9.3830027484,4.3123376244
-12.4187225619,6.5797056575
4.8097844520,-0.1842472835
-8.7836229360,-4.3263376061
-8.8466681971,9.0912919502
-7.7540874142,7.4912216528
3.2142008093,5.6218849301
-7.4941570801,-5.8116263539
3.8628521304,1.7905456447
-8.0196476863,4.0661658084
4.5158578075,1.7905484214
3.7436135442,4.1067244765
-9.4632657151,7.2288383958
-8.2664733627,-9.2765083477
-6.4388152792,10.2471398848
3.4828895811,4.6096482264
-3.0546159414,8.9288676926
-1.6545467027,9.6858489682
1.7010747688,5.4171832854
-11.1557337767,6.5145653938
-7.4265549570,7.6113695193
4.9045411691,1.4226279253
-7.3309168119,-8.6943249964
5.0729192801,2.3636524421
-8.6223029570,-7.3048179384
-2.4667200589,9.0589203374
4.8928608442,2.6360806583
-9.3560748148,8.0574047181
-8.6725247804,6.3840500012
4.3846019024,1.2933276099
-7.8026187275,7.7219484053
-7.1824274366,6.9391016791
-6.5324583074,-5.9103752867
-8.1754516320,-4.9609121958
6.3995657926,2.5276329722
4.3079984008,1.5579497341
5.4102789961,1.1741184244
-3.6047475706,9.3389740126
7.6752881651,1.9833694508
-4.7745722360,-5.8332546845
2.0731543204,2.3758399524
-5.2770581906,-5.9739282589
2.2260893710,4.0826939531
2.7812182227,-0.2281182147
5.4732855352,2.1075407058
-6.3857281648,9.2910630894
1.7675216983,6.6165614987
-2.1228720370,8.9026172545
4.6821505723,1.9594911890
1.8372841388,4.6250227205
-2.4127775944,7.3976689613
-4.4298416518,11.6464774012
-7.8699461884,7.3525947720
-8.1417729613,6.4976950179
-6.2166643732,7.8189432450
6.4577948143,2.3650454808
4.9114111743,0.0279217620
-1.5730178975,9.9568043921
-5.6985308583,5.0556977862
-6.3595622247,-3.1127747659
2.3086750211,4.1069556439
1.8210299188,4.9404896744
-3.3659661077,9.8731603002
3.2989863824,5.9972354337
4.0196810945,2.3635904438
-8.3518174416,6.5244346682
-1.7327090923,7.9256704085
3.6604604108,3.3395935996
-7.8355888117,-6.1925295379
6.1208806111,1.8592431485
-1.1017719141,8.2402190359
-10.2489261314,6.4823815550
4.9905577039,-0.3606737854
-6.3984486023,-6.5890316779
-6.0190105596,-8.7945662181
-9.8767032505,4.3701382019
2.3630682162,1.4376258827
0.9474400022,5.3758432099
3.0034291909,1.3569482520
4.5204167494,2.6517273783
-3.2856145716,9.3499680557
-5.8609130280,-7.3331778425
4.4307094227,1.2978857867
-11.0868516973,7.1857557690
-6.0237076953,-5.4278326025
-0.0023593692,6.8137054955
-2.3287541755,9.7859443793
4.9849849750,2.7197843176
-1.2227081882,8.7743783333
-7.8878362195,6.2762234036
-2.1035123844,8.9389289640
-6.2789051114,-6.6835118140
1.8693081599,2.8978026107
-2.5795784914,9.7298473690
5.5093285960,2.4618641588
-2.8555994184,10.0585956754
-8.8193395068,-6.0215241265
-10.3986183364,10.2413155269
-5.1410160937,-7.3844917013
-8.9320997494,-3.8991955944
-0.5927002794,8.1269290449
4.3475164157,3.6738248292
-6.0563014382,-7.2625432836
-7.7896776333,-6.5631840549
-8.8681382097,7.1626257668
-11.9550454864,6.8430762087
4.4584566133,2.6024683498
3.9408240834,-0.4188849170
-7.3328980716,-10.7848152250
2.0270218252,6.0064371086
-11.2633978191,6.9794494177
6.5924907703,4.3154364790
-9.1553877362,-5.7542408420
-8.8185652119,-7.6783624380
-2.3257513685,9.8292331718
1.6136852100,6.0120379734
6.0653402242,4.5390897428
3.1377778982,3.8541365601
5.1908098063,4.7304451991
-0.4182071464,7.1953369018
-8.3552042905,7.3068849096
-2.0941614241,10.2550610018
-2.9897185853,9.6505350478
-5.6320917349,11.5589706806
-6.3770401475,-6.4058756575
0.9033870452,3.1691393921
1.7143742056,5.8392764723
4.4504816944,4.7851915001
-2.0803995370,9.5159713132
3.9584378710,8.0433150162
-4.6812184737,5.7160771933
2.1091235896,10.6936484954
-6.6025614790,-5.4732362870
-6.6677414810,-10.0759593130
2.1248575838,1.5417514676
-8.7700905421,8.1610275503
-6.2649829972,-8.1717414585
-0.9528877067,8.2492615299
-7.5960955651,-8.7628126512
-0.0942850117,5.3661836698
0.8731189889,2.4693577237
-2.8406438838,9.0546148867
5.7020418513,3.4082231591
6.3260479162,3.3944593771
4.6554077660,0.0054153354
-7.5632087580,7.9500440439
-8.2072783101,6.4566417502
4.6002702008,2.3934114222
2.1831121779,3.6831820227
-0.8168430315,4.6286878441
3.2190762869,1.3512896000
-7.1429731094,-5.8771273861
-8.8005114553,5.0088455736
-5.1243291274,-6.6786648474
-7.9760616047,-5.7432268184
4.7403649121,2.7470785105
-3.5237860761,11.7156967776
3.7690936615,2.8560372906
2.3235678745,4.3126381649
-9.7495361881,6.7169799265
-2.9821014900,10.1527399589
2.3198905106,4.1476780258
5.3265381355,4.4849083340
-6.4998793341,-5.6495935744
-8.9056673018,7.5972744614
-9.1666271342,8.4728873781
3.4512489547,1.5112273895
-9.8130680849,7.4497752608
-2.7368752656,9.8967619379
4.3774392012,0.8395519447
-0.7713042545,7.7832626507
1.4035817170,3.0534053084
-7.4645127510,-6.6430293584
-1.1317227140,6.6585352228
-1.9937701887,6.3697258952
-6.8958493794,8.1398534440
5.4107406107,2.2425423569
0.0864581019,3.9465631829
-11.0886605488,6.1552673513
-0.2943870985,11.0844231594
3.2019095529,3.3221321280
-5.7106036853,-6.9386388723
-1.4102375072,8.8932112580
-2.7342810036,9.2026508084
3.7880776796,4.3665715270
-9.5645886835,5.8741534359
-2.6810073909,10.8710105962
-9.4566588742,8.6937335135
-7.8516829924,7.2192244861
-6.5546897280,-8.4187386187
1.7460815113,2.4661834617
-10.1893348304,5.8772228084
3.8120916174,5.8104686124
-3.7967342933,10.0647509473
-2.2075490530,10.5902677222
-4.5014766964,9.3095779820
-10.7433256527,8.3267831113
5.1244977459,1.5946394308
-2.2154297404,7.5467269618
-2.4408398632,8.0368856068
-7.5696234478,8.0946167441
3.6776564434,2.6210535010
3.3284202017,5.5846712006
-10.6378740492,3.8493071210
-8.0269649788,8.6377766663
-3.6437237410,6.8809055638
4.2668421470,4.3841880480
1.2988298785,5.8099265921
2.1765881018,4.3854644225
2.0664461224,4.9364182248
4.1632582813,3.5322994269
4.1939948626,5.5694115899
-7.3530783982,6.9978263031
3.8237078331,1.7289803248
-2.1462542157,6.1443657612
3.9429528903,2.2749091677
-8.1179370045,5.7408614023
-1.6937973912,8.4583646301
-5.9916772315,5.9016838396
2.2385228685,0.7304241468
6.9530437651,4.9823090162
-8.1090505693,4.3994652825
-3.9357464054,-6.8745660855
-8.5351319339,-7.3762934298
5.1019546455,1.3856968328
7.7321342012,3.7857190298
4.1778274099,3.1426604823
4.7678560501,0.7607711015
1.0002298823,5.6131905920
-6.9385881226,-7.0818547699
1.8648486735,5.0806376683
2.6078495265,3.9305937155
5.7129508094,3.0504482725
2.6067070210,0.8308200425
0.8127348412,4.2749939659
-7.1716731353,-6.9763918589
-10.6217728859,7.2487026843
3.5379914710,0.7577910284
-3.2107494250,9.5340419508
1.5645169666,5.7318192477
-3.0321758247,8.4903995717
-0.6088308993,7.9527819298
0.2539149979,3.8319473774
2.3950849536,0.9981337823
-10.4021942986,5.5651722853
-3.9730075025,10.5947488231
1.6816412232,3.9488152249
5.2949866638,2.5796118164
-8.4452275430,4.3991803389
-7.8326707744,-8.6646095819
-2.8985846501,6.7595716985
4.0488238636,1.8926581080
-8.1971118069,-7.4471214418
-11.1525325840,7.0825762362
-8.9597037631,2.5678843117
6.2538895441,2.0051371569
-7.4603231658,-6.9482264202
-2.5013320735,9.0847570188
6.5853706561,1.9388675905
-2.0650172075,9.4058690365
-6.4347638734,-6.1853324004
-6.7656942893,-5.7660859657
-7.8412736386,6.4941416594
-4.7518301734,-10.6118225781
4.0003424419,3.6958382477
-3.5514568410,-7.1186774089
6.4935521240,0.3665891645
-5.0642712821,8.9309645799
1.4057628301,5.6938860320
-0.2580579371,10.2896187414
-3.4790569494,7.3919641228
-9.2323170371,6.8189424974
-1.3767779064,3.6352842475
3.5129735567,6.2223231337
5.3544154903,2.7313749227
-2.2363982405,9.3866170076
-9.2843918755,6.9539478117
-7.0282686415,-7.7843405770
3.6959837457,4.2737612488
-10.0460853843,8.9387951325
-6.4251564730,8.5658674508
-6.9803946262,-7.9537495769
-8.7643652594,8.4767824295
1.8271201318,2.1457088027
-8.1172108870,9.5685885267
0.7449902652,4.1708612902
-9.5595784409,8.3677749112
4.3240233876,5.8450128840
6.1985465174,1.8595232541
-10.3291217689,7.9538102298
3.8874089306,6.0034968703
-3.9332959563,12.9628592255
-2.0271617999,9.6471672596
7.1564300573,1.1427873214
-5.6563756575,-6.9522423543
-8.3266853298,-4.4374067611
-5.1492416762,-4.8005854974
-9.1052045703,5.9543065366
-0.4050061566,6.9115095340
-7.5166076754,7.3255114486
-12.8949152040,6.3786960870
-6.5417310153,-5.8410254606
-2.1730589003,9.0331747294
-8.3733502833,-5.9034052305
-3.3045840506,7.8249768798
-8.0754151968,6.6780589356
-7.7872768385,11.5455045822
2.3817415122,5.2610329781
2.2631843846,6.2046501614
-2.1196138705,7.6578111905
0.7755067768,7.8018387002
5.8397916891,-0.4512962287
-6.6613453945,-7.8012934408
-10.1230751127,7.4700284806
3.7673574653,0.4510345879
3.3984935053,2.1023855085
-8.4740047369,4.2003748607
-10.2646938512,7.8013044227
-0.3513417262,5.3867070731
2.8563333801,3.2745243727
-3.5018773202,10.2929361304
-8.2320084587,8.3973320325
-6.7485558697,8.5825465868
-5.1761969704,-8.5395498619
3.4254735563,2.6092612506
-1.6435894323,8.7097180491
2.7809033836,4.0313998517
-7.2367928456,-6.8111054724
-5.0486328443,8.8667766880
3.1037956642,3.3436721888
-7.9722824690,7.1305337460
4.9620561170,4.8373711301
-10.1082025081,-5.5654261250
0.9816530988,1.7717509407
-6.4835970692,-4.9715793431
-3.3346553538,8.0068510763
-7.5563654788,-6.0524983934
0.9581534989,5.1283447045
-1.3304973851,9.6524724709
-2.6438011645,11.1744619514
-7.7884184223,-4.3010427340
-7.3748073321,-7.1976100662
1.4121557342,0.8944397051
-1.5511022900,7.2997787591
-7.3978705622,8.0172483516
4.6169140625,2.8421069333
2.8562124123,1.3040348749
-2.1086222242,10.3487323216
-7.3418796413,6.8933315619
2.1828864144,3.6437312342
3.6705378715,4.6361360229
-12.0928438832,5.5322388139
4.8799061750,2.7258437882
-10.9236606444,7.5601650744
-6.5001439799,5.0278308009
-2.6032162690,10.4469996090
-0.0590503246,7.2947680387
-5.9837848638,-8.3026315996
-7.4218213412,-6.2554405361
-7.7991742089,8.9822725149
3.2857462254,4.1962455238
-9.1594293032,7.8926310119
5.3872114590,3.6833932417
-6.0962512371,-7.0269824629
-1.2650892513,5.6975831647
-4.6204651651,7.8475610968
-0.5331065246,9.3106855352
0.8444475521,1.5441633511
4.9507798303,2.0771861895
1.0606288445,8.3979474424
0.5119091934,4.2331895356
-1.2450167447,3.3672511107
-0.8347118053,6.3280698485
-8.1026906336,-8.4794619911
2.9813218335,1.6507881385
1.7534236968,3.9964433079
2.9031938551,3.8530097755
4.2814806875,1.4229330662
-3.3475803940,9.5801039408
-8.2238735786,7.8589820544
3.7096990528,1.5472935951
2.9787089532,4.5496062638
-4.4054058497,-5.2741937533
-8.3081017623,-7.8956023010
3.6998029993,3.2667598925
1.6492753724,2.5342545387
5.7698912679,2.5449072613
-8.2982462822,-5.9677403057
-11.9334324854,6.8474971771
-3.5622772639,8.5227929083
4.7635384656,-0.2131575653
-6.5939913563,-6.2062815113
-3.9829287134,8.6773364032
5.2787096455,2.0018913501
5.0648106435,1.5848122234
-2.4660803887,10.9319639221
-7.6041535854,5.8795463976
-4.1106282671,8.8007169007
3.5622679379,3.3155562494
-2.5294434602,7.4277197348
-7.0197074795,-7.6741077619
2.5197717356,2.5907152029
0.0699182607,1.3819238316
-6.9531712024,-7.1206497148
-9.8677464603,5.1745159809
3.0462885440,2.6156303298
6.8466343275,1.6591841682
-6.1562537621,-8.7366032268
-4.7270769917,10.7299171930
7.0582962232,3.9455413643
3.9157635530,0.5431767716
2.1151252642,2.7701215597
4.4470725691,-0.8496038843
5.2546068216,1.6112832020
-8.4284130464,-6.2832190184
1.5015204922,5.3176548859
1.8349699068,4.1849982499
0.0821171321,9.6687716327
-7.9410660334,-7.9483703895
2.9040840671,5.0910597330
-8.1499036403,-5.0056812353
2.9242895252,2.1360092426
1.4486216384,1.1975066061
-3.6979787307,8.8421814660
1.7633565334,5.1194672657
1.2889710563,6.5448620486
-5.9216369382,-5.2929321056
-0.9654641671,9.7231823518
2.0239651519,1.8448007835
-9.5698858161,8.9350224227
-6.9861998856,5.7755900524
-8.1073699011,8.9314177133
-4.1750613913,11.6426917933
3.6746014907,3.3649298761
3.2812803849,0.9925201760
-8.6771611951,7.9045801364
-8.8522605990,7.7839945245
-3.8908541614,-8.0300944750
2.1464595905,4.2166258057
5.5969554884,2.7244363964
-1.6528618570,10.7176345885
0.1158726532,3.5935819411
2.9429565185,4.7246353424
2.4626065298,4.5355780874
-10.1572519303,7.8464155953
-9.8408455489,7.2319094085
-7.7681611246,-6.6947880493
4.3438712058,1.7462597585
-7.2405698081,9.5024480337
2.1923918228,4.8499425584
2.8231209423,3.0693158625
-9.3619583455,-8.3201790362
-4.5483865601,-5.5991456284
5.7195157495,0.0332602471
-6.5285905096,-7.2529025204
-11.2621579378,7.7729944473
5.6387652143,2.6055495999
4.3025948635,0.9981658127
-7.3934509924,-6.6244139368
-3.1756375132,9.5802368678
-7.8663790219,-5.5983217527
-3.3265762533,9.6129902997
1.3866607118,3.4813303933
-3.4448510641,11.8853331590
-1.7366260936,14.7933833642
5.5302139196,-2.4374132681
-8.9283634243,-7.1035635579
-4.4296542211,10.3229721206
-4.1687000841,7.2199761921
-0.1857553747,2.1006993186
-11.1373785965,7.0291019384
-7.0781643417,6.9147058335
4.4919966378,2.0014441184
4.5073343974,1.4181531391
4.4429933856,2.0884475084
2.9226196835,5.5983496387
1.1925343668,3.7805239963
-3.2001557795,10.5999694675
-8.2225026286,6.9769186993
-7.4386356481,6.9894418643
-3.7526901394,8.1740145679
2.7791729566,5.1012591009
3.8361766416,-0.5878672524
3.2643884572,5.7680723065
-7.9803183392,6.2664302621
0.2642365194,10.7041336725
-6.1923750190,-8.3496914304
1.3013283226,7.9705239901
4.0029212495,2.8497980834
-4.2378450039,-6.8805801022
-7.0493192699,-8.8289341384
-6.1428156930,-7.4171536629
-2.5015274381,8.6624054281
-1.3130610170,3.3843480267
-4.8440704710,8.3721133867
-11.9737821049,7.0681355453
-10.4812335349,2.5584671957
3.9419131511,1.8142471525
-3.4475416753,9.6079914284
-3.4869517848,9.0853841352
-0.6062654078,2.8703578108
-9.8191753391,7.3644929853
-9.1922827375,8.4398014810
-9.1852791710,6.4588935510
-8.5749327782,-3.2625945799
3.7946518095,7.6769326351
-0.5305531102,3.3194445613
3.6263167175,2.0243983102
-2.6324243906,10.6902298756
-6.9368504899,7.7566149200
-8.9280669719,8.0638632220
-2.8676196934,7.6529406351
-2.5275677823,7.6684045710
-10.3467298202,7.8637691914
2.7642672353,2.8799426735
-8.8488952349,7.0001085476
1.9674152733,5.1509265530
-6.5544638455,-8.5260633847
0.1680965408,6.0429590971
-9.0365817901,7.4319413636
-3.3977885094,7.7182999737
-3.9962861472,5.7842009578
3.9255475259,3.2847534550
2.6747117924,3.5704715341
-6.1798092240,-4.8607709590
-0.8846207583,10.5949892063
-6.2176664636,-7.9798438889
-0.8987499983,7.4745131791
4.6406707745,2.8749798073
-0.3472876895,6.8604929014
1.9840590420,3.8357133452
-7.3765897659,-7.7984646950
-3.9483910405,-7.6387296497
3.3091484728,4.9918058525
0.1144217332,4.4785464071
1.8618430301,7.0748199481
-8.4548383006,-5.7438668693
-2.5685303538,10.0365371743
-6.3833502342,-4.7036074361
-9.7231662333,8.3715561358
-9.2112515373,8.2634433714
4.4409282167,0.5113757269
5.4473229548,3.5819306899
-9.7497972747,7.1175564668
3.6659625186,0.1372592838
4.4197829463,5.2617732762
-3.7948118439,-8.5764422463
-11.3299528800,8.0784010126
4.8192493888,0.5135662726
-10.1078673365,6.4461614354
1.0387686557,3.8078846886
2.2552877337,4.7586724536
-11.9359523260,7.3662092873
-3.5821531869,10.0336827516
-9.8470561506,7.6584291694
-3.2406069592,8.3654488465
5.0435692481,1.4583812707
1.6850206512,2.7682634337
-8.0789662727,9.4944814646
-9.7587091647,7.6178843265
2.6141702131,3.5228181489
-2.4218845454,7.2998306815
-4.3115667651,-9.5015643580
-11.8056656307,7.3939252686
-2.8754325760,10.4604168806
-10.8858604498,8.3757650884
-7.7855981301,-7.2244325763
-1.9593002539,7.6044664487
0.9932255993,3.2356331859
-3.9950021107,8.1648395338
-3.5999033868,8.6430081749
-8.4004711196,-6.7515788512
-0.9348685501,8.2114333109
3.7314555266,4.7121842543
2.8188393772,4.3847667618
4.5888434487,4.9473923240
-7.4611770658,-7.5005330917
-8.0600209860,8.0672304470
-12.1325194883,7.0803369523
-4.8238229752,-5.8373052431
-3.3419969131,11.8360217324
1.4065225108,6.8897993542
-4.0273541859,6.5320011204
-8.0870803701,6.0058122135
0.8266298855,4.2228386790
-2.4359075176,9.0751736650
4.4849966960,-0.4916135328
3.2308757455,1.7570383504
2.9619522435,4.0415888769
3.5978091396,1.3592460268
6.4404996981,0.9878282655
-3.6684354449,8.6590582181
-3.1609419642,8.5505279430
3.0894161041,8.8308168575
-6.8415445603,-9.7596193276
-8.3516398501,4.6177287267
-2.5583275284,8.1991489715
-8.8584979830,-7.1845805494
5.7511153544,1.2033493342
-11.0008844552,-7.6297048575
-5.8077125052,-9.9550215111
-6.7481459653,8.3893465689
1.3220859692,4.2733202359
-6.3549271543,-8.3861914885
5.8802932111,0.7873028746
1.1145658815,5.5270793054
-4.2552513348,-4.8079284752
-3.7474434182,8.5322073657
-6.4856523356,10.6515464061
-11.2953713428,4.6439597175
-9.2796915151,9.3583979942
-6.2408617032,-6.2528009594
3.4343669843,4.4318448921
-7.3291421632,-6.9554165188
-6.4413380987,-7.1611031209
5.0010086055,5.8756943552
-8.2262484864,8.1497192739
-2.1959022305,6.0747809424
-10.4843802351,5.1081355242
5.6602029944,3.7619309527
4.2021619329,-0.3716165291
-3.2851302982,11.1283072885
2.0181210689,3.3618159529
-4.1026531936,9.7246747742
1.7434135134,1.7623594126
-8.8103725440,-8.9757868709
-9.2412963866,4.5689832398
3.8036411587,-0.0815347854
-6.1298310055,-8.9790688555
5.4360383763,2.8831145914
-7.7134773975,7.7424246728
-4.8986882234,9.6749982351
-7.0134784225,-6.9364655607
5.2952860908,3.7591390961
-4.2840853921,5.9554378616
-6.4361904580,-9.1550734174
-2.1351220975,11.3804660478
4.6910040386,0.8182098374
-8.7285322701,7.0981584323
-6.1134390584,-5.3342387148
-5.8490284974,-4.6802983044
-2.5211565850,11.2342023365
-3.2339773165,11.3752662731
0.6123484911,4.8764281171
0.9731784247,4.4039993460
5.7275225165,2.7474371146
1.1795370858,4.8804929861
3.9087288194,4.7705357396
-1.1056800333,10.9216187707
1.7317421652,4.9718834720
0.5319159615,4.3653384067
6.3289542124,1.8960790986
6.0184935607,1.5377578677
0.9209502519,3.9491570999
-13.3497762662,8.1802920248
5.5948705325,5.4023057174
4.8870200981,2.0495012367
-9.7506675178,7.8681963571
3.3942122264,2.7569408418
3.0506848543,3.9489786769
-8.0485227311,6.6074068562
3.5802093387,4.3011890625
-5.3873544460,8.9745153150
1.2325027042,3.3760875733
4.0711872247,1.6677991438
-7.1942228954,7.9615048780
3.1422172818,4.6498182811
-3.2279589798,8.7357976632
-6.6584145426,7.2061769269
-8.7164101236,7.2666832929
-9.9454133821,7.5953996594
-10.3232644455,7.2710115005
5.8840910991,1.6824304758
-1.2047887429,11.0477429164
2.4740966120,-1.4711017458
-10.4259887071,3.5764313893
-10.1407191990,7.4702428551
-9.0798049771,-7.6322128136
-10.5528567247,8.5537601956
-1.8968184895,6.4604107218
5.6881214665,2.6046291005
-7.6826298217,-6.3424291660
-6.4318190942,6.8958815299
-7.7629274313,-8.1360032399
4.8796634242,0.4316569726
-10.9320115599,8.2105467781
-7.9431586276,-3.9502208870
6.5623445287,2.8097062750
6.2239640498,2.3080280551
1.5126617234,4.5088627672
6.7740010404,3.3624927873
1.2534990689,2.9591601708
5.8074204505,1.1463911094
3.6129340976,3.1591080827
-1.6306682628,5.1876963688
3.0726650452,-0.9763652001
2.9884858866,4.2844347767
3.0593552075,0.3714653016
-4.2961528689,9.9991165411
-9.3646019018,3.9960012754
-2.1733264220,11.0604967732
-8.0499258848,-4.8842472372
-3.8612215226,-5.3445452741
-8.3768127765,5.6802438322
2.8238475828,4.2980919653
4.1974543188,3.8447827930
3.1524294301,3.2396433804
-7.1192825404,6.1574656882
-9.1762884450,-6.1087274592
-1.7907278844,9.5147792861
-3.7577309827,9.7214094628
1.0959257548,8.9278579326
4.2516847422,4.3711404397
3.0422083416,1.5153326274
2.8557609969,4.4371791138
0.1807802882,3.2745345419
1.5405616768,1.7830129958
0.8646422988,6.5757325546
-6.9645099245,-5.0516534086
-10.6129120337,6.9443780329
-10.1775090299,8.0939446118
1.1681255731,3.9754194748
-7.3060546675,8.7018951975
-5.0450025905,-7.2683911938
-8.7365699858,4.2936319173
-0.8469233979,7.4544272375
-6.7715718992,-7.1984230481
-4.3096422336,8.5125342744
-0.0461748828,10.5290117622
4.8294482055,4.8815631825
-9.5072433274,7.4932336011
-0.1609115792,8.9156607366
-2.4883036852,8.9780984975
-8.2446294836,7.7188491334
1.2669458065,3.9355305340
2.4631153012,1.9550362622
0.3500669538,5.9568179791
0.4540060064,4.1220603660
-1.3226497025,7.6502049460
-5.5834228745,5.1879989602
-8.3829527195,-8.0087624493
1.3326533111,4.9765377977
-2.1193734317,10.1870204359
-7.8598685292,4.8765202499
-10.0100623238,6.9338227043
7.2386513355,5.3201199032
-9.1388566233,7.6712860537
-11.8710257166,7.1716018374
1.5806165985,6.3405848736
-7.0681354960,9.0399625183
-7.9933535400,-7.6080683463
-0.3344282918,5.7837226854
0.9391495624,8.4700282875
-8.1375058888,-8.2101309767
-7.4381057706,-6.2241398127
2.3111956130,7.7496160088
-10.2995105260,8.3786647907
6.7285767863,1.5980999120
-3.8049090475,-6.8790853648
-3.7687803863,8.1151971600
-5.2238111762,-6.1673579735
4.4388530862,1.9952019760
-3.8226250031,6.9400865318
3.2629733777,4.3984130243
-10.3299705393,7.6978451999
2.2736553936,5.9048409522
-9.8364612038,8.4063781437
2.4840487936,7.2637906182
3.9544138221,4.1832150548
3.6771265929,6.3243651588
-0.4257220927,2.8040298065
0.9837740735,3.1728926436
-5.5340278958,-4.9677970314
-1.6195457361,8.5499664692
-4.9204224749,9.2912369160
3.7751132351,-1.9133937543
1.7213412866,4.7127171717
-6.0550727844,7.6598750323
0.3511781975,3.2150553053
-9.7546142163,8.0802478001
-1.5451134833,11.0080149234
2.2283289540,8.5387118885
-7.7343765835,-6.3858464899
4.5575378353,2.4015007962
4.6416870493,0.7475367373
-8.7545318469,6.8590483445
-3.8940474922,6.9867592198
4.5961616816,4.0151634803
-7.5064915098,-9.9188214029
1.3309291844,8.8701962786
-6.0644081231,-6.5803939427
4.5022646906,5.0960825778
-9.6842397407,-7.4628907561
5.1009888829,3.1967755027
-7.4067485447,-4.5349895550
-7.5489504481,7.4432251416
2.0746321555,2.0981852216
-2.5475287295,10.7733796571
2.0842314182,5.7171899039
1.6676269798,3.9820221194
2.0333442570,1.9436311504
-5.3170401951,-6.0047931388
3.3842437053,4.3466712697
-3.9712201284,10.1949130338
3.6745540878,3.5181109103
-4.7974853794,7.9764240234
-2.8977608418,8.7197613546
2.4587473301,3.4009385670
1.8375955818,5.0653219579
-10.3276267583,5.1557150189
-5.9353328148,-8.0865832328
-5.9023442041,-8.5866380989
2.6987441870,5.6715466628
3.1158957024,4.6881997574
3.4582032084,1.0418982866
-2.9217751688,5.5614043811
-11.1166939943,3.3774277103
-10.8761887795,5.7039184336
-8.5330654159,-5.8580703276
0.0121921282,4.8097765921
-10.1828267445,7.6524764213
2.6504401751,4.4923268625
-8.0086040221,6.5012224682
6.4232488934,3.0356254547
-2.4256102546,10.6555734059
-7.2447031602,-7.3298668877
-5.5469115030,9.2939676004
5.5919610391,3.6377194469
1.7473491706,4.1317600391
0.4678363638,3.8562598443
1.9354386100,3.0587763548
-3.3049493445,8.1505587672
-0.1194176831,8.2474626136
1.7286223284,2.5980441739
-4.0650668545,8.7287781111
6.1339503649,0.8379770511
1.2908501034,2.0070707585
2.0529259857,1.9629407699
-6.6681531417,-4.4971692012
-6.2413922913,-5.0842392078
-2.7952212242,9.3404354380
-7.7523002412,-8.6409295399
-9.5436448222,-5.2841981119
-0.0662743047,6.9441339409
-5.2555906103,-7.5867965710
-10.2764954409,5.2947598813
3.7256105330,1.6927127295
-5.5575158978,-5.7984065495
-4.1155363701,9.7379947511
-2.2595193107,9.7529630242
-9.6251782773,9.3518269338
3.0695123622,2.7781488127
0.4834980759,4.2549485803
3.5377121151,4.0949093727
-1.6333053451,8.4753479920
-9.6105321420,-6.4750235557
0.1736533761,5.5901445117
-5.5401963860,-4.1356792907
-7.9439969733,-8.7678669593
-7.2979522824,-5.6123726365
-5.6625323594,-8.6025045264
5.7040565619,1.3199401281
-6.1353284101,-7.6830846621
1.8287490622,2.8839582944
0.7437200858,4.8744999720
-8.9222084294,7.8304592078
0.1554864847,4.5107536871
-5.5621826566,8.1792837280
-2.0251197825,7.7734397129
4.5293215980,2.8093880361
2.7994527879,3.3676500412
5.4593052082,1.9828030887
5.7234508730,1.4139199558
5.5930058815,0.1142820917
4.8998913328,2.3390994808
-5.2464727098,-7.4445606807
0.4415469918,4.8031731487
-2.2272452003,6.2002357972
-10.1594588910,10.0216104430
-7.8212280503,-7.3121679042
-0.8509087236,10.7948315865
2.2917336438,6.1791729866
-10.0548290521,5.6524532403
-9.7332713446,10.4704319242
0.5819242643,11.6472973919
-5.9188127885,-6.6954922908
-6.8117931277,-6.8033127405
-6.0447975044,-8.8833319469
-8.9694807498,8.1460023568
1.8855707766,2.7351566743
-6.1568280986,-6.0592123972
-2.2426461217,7.0112695901
0.9126434889,2.1595356456
0.3779697476,4.0596444834
-0.5730938609,6.1622801742
-1.9671042148,11.3213409779
2.1147215479,0.7643645842
4.6994627936,4.1816271028
3.2343545190,2.8893531589
4.4789256202,2.6447450727
-3.4101556579,8.5767455035
-5.0202511815,-7.4744541104
-5.5758930946,-5.5491733374
-5.0133055447,9.8293264168
-8.6303599811,5.6943334667
6.3159770601,4.1459185288
-3.9936398279,10.4254429102
-4.0284443036,9.4856571271
-9.1622685372,8.7297391543
4.0770842657,1.4965970388
4.5989220270,0.5732677453
-3.1784727729,6.1799750318
-6.0215410286,-6.9733961188
-8.5241226312,5.8467218398
-8.7091614542,6.2031379879
-6.3717978767,-8.2869979581
2.2427031824,3.3782542009
5.5905441576,2.5938683301
-9.7359841275,5.8736410790
0.8034815797,7.3193977001
-8.4234266084,9.1167438917
-7.1765337846,-3.7782500860
-3.1692643531,9.2103969941
-9.9411293088,9.8078352936
-9.5187823380,9.9128627340
4.4337060643,3.4024815047
3.7937850928,4.7663634005
-8.5863047458,8.7413402174
-8.0988480689,7.2372462860
1.5074913446,1.0327628976
0.0438474874,4.1916112562
4.8727028713,5.6960363888
2.8460542432,2.6400736863
4.4321948603,0.1367223295
-8.5376383095,8.2368809499
3.2071949672,2.6085682823
-3.6698814217,7.1473040732
6.9100534511,2.9193872108
3.4075631589,2.5855165732
-6.9582338670,-4.3239513189
-7.0711092134,-7.7210210485
0.8621164688,7.0095540280
4.4581277241,4.7362038406
-4.4512198366,10.7555263093
-0.7249918897,7.1728744055
-11.2401095201,-7.4423426782
-4.0234223068,-4.4411712202
-7.7246393862,6.3671416024
-1.1664077930,9.9670438307
6.0642100394,-0.2541772687
3.4863613139,6.2606811964
-1.2753802549,7.1830206532
-8.5224264977,6.5908087953
-3.4496482097,11.7329589652
-7.0245626962,-7.5040599852
-1.7692207717,9.2915403137
4.5147218815,-0.2012981456
1.0855345522,5.2819228161
-4.5124501048,-5.4019350649
-6.5056642977,-5.3124768821
-4.3360428744,-4.0341765511
1.1594303464,9.2081179012
6.5384405975,0.6739074116
-3.2799979991,7.4254658454
3.4062489377,3.6547156849
-7.7048001156,-7.1006477284
6.1026752809,2.7248109389
1.2129134038,5.5038173900
-3.6924700866,-4.8831010003
-11.5100653783,3.9778208868
-10.8626920740,6.7007022636
-6.8117184180,8.6528096984
2.5123302368,-0.6680435340
-7.1388297972,-5.7222293610
5.5731895523,0.2649200073
-5.5663844258,7.5021566618
-10.9300703599,8.9043602439
7.0998256303,3.0863609205
4.6314848080,2.9762821673
-4.9188671034,9.3194815820
1.7581315839,4.2859326841
-8.6844284742,-8.4431762116
-7.9808878893,-6.7571162587
1.4464881229,4.4648721674
-7.5347735470,-9.2899752444
-8.2365487536,-5.1209743254
3.2513601371,4.7972857796
0.9162303796,2.9101742828
-7.0992561917,8.7831752570
-7.8162842668,5.5929844935
3.1188011750,4.9691039917
5.7530218942,2.4221085546
-7.7062278095,7.6226588945
-8.5918856086,10.6178576287
-3.4264743275,6.9042944829
-6.3783625653,-7.1129981665
4.3050754543,4.2079648418
6.2687221850,2.6852170333
-2.2835692653,9.5617276319
1.2514492949,2.3630244589
-8.7482032558,-6.7977084268
-4.5757016750,7.6075485683
1.2775026316,2.4312129169
-5.5290293086,-6.2032716143
-8.6195730513,8.2014720703
-2.3650164576,8.3208731951
-7.2327800163,9.2313615484
6.0871562859,4.3965439193
1.0606783351,5.1500330718
-3.5657131589,6.9015941837
-3.4658075994,8.2177906957
1.2456640640,4.4881550655
-5.0526884627,-7.6499041400
-9.7413385280,-8.1706871094
3.3353842143,3.6613218606
-6.6445865988,-5.3448136270
-8.1275595674,-7.8375336831
5.4095375335,1.5838496676
-0.1174400282,7.7438441057
0.9551069437,3.5847662375
-2.3637036756,9.9070216664
-10.4436151010,9.9020838348
0.2253505910,5.4920712206
3.2843260451,2.4597086065
-2.3601991649,10.1413668133
2.5820271218,-0.4471724129
-8.7990206275,6.8681764276
6.4209579136,5.8575151470
-8.6901596629,-8.4930781828
-4.1932806554,9.5879007475
2.8713191495,3.7546887666
-1.4798073375,6.5952123214
-3.4464254896,9.0534227035
4.2969789632,0.4816456220
-2.5833931875,10.0265153664
7.1447355928,2.5651769787
-1.1199313018,11.8784110889
2.3826090008,6.0411507931
-9.4348472971,5.5474770782
-0.7166276797,6.7295057710
4.6118157016,1.3903920043
-3.6401445064,8.5932735129
-2.9484375546,-8.5480601319
-1.5889206640,7.4800972804
4.1558590780,1.5969201593
-7.8558643803,8.5397208839
1.6117063566,4.1400460265
-8.2677641302,-6.4970339598
-10.6221764543,8.9045015723
-7.1447884358,-9.2030370416
-1.1360944465,9.5074127927
-7.9590790560,6.7049021882
-0.1958654509,6.6698504121
4.8628800220,1.4675407273
-9.6404627629,7.7659800991
-8.1287703334,6.3551648074
7.6045397130,-0.3731927336
-2.1334583475,9.5339584424
-5.9814356068,-5.8775988602
2.6697476793,5.2709647581
-7.6443372309,-6.8284480757
-3.2932821538,10.5877999670
-3.5414231408,12.3929398362
-8.3237260391,-7.1900265128
-1.9951096035,9.6994159569
2.5359709285,4.5975347987
1.0691854145,4.0995125254
-9.3492258170,8.0737374652
-2.9125306589,7.3544972651
-1.2899044448,9.9587293911
-4.1307926145,9.9381895386
0.6401236997,3.3133621005
-11.1525300295,6.3743903707
6.9360050847,3.8013124615
1.9803301339,3.8660519350
-8.8553250711,-5.7160677225
2.5347905828,3.7544790888
-2.3389216052,10.0074821400
-10.1557226359,7.4733533471
-10.5176469492,6.7332281315
-5.6514607255,-4.5732117157
-3.9990759379,-8.7144521226
-2.8387054548,9.5499549855
7.6763432712,-0.0715913229
-3.1789700512,10.2988843197
2.4215114831,2.2482095636
-5.3065665015,-4.3969989236
-8.9353606642,7.4328340625
-9.2324478782,4.9296819626
0.6903524389,6.0861544289
3.5823610526,1.8895160675
-7.6684467050,-6.6134844339
-5.2349233404,-7.8186255245
3.9291198156,1.9514912776
2.2171811124,3.7202787156
2.0786129971,5.7991595645
-7.2237133073,-6.9453250180
-5.1086658225,-7.8210797622
-1.4340176691,3.6199377210
7.8758411561,1.0645972994
4.3891962655,2.3970396097
4.7012575993,0.4698885003
-8.3955245210,-7.6529371840
-6.2935833098,-8.8698177857
-6.6168100628,-2.4022210894
-6.6317757204,6.2742800852
-3.9920842838,7.3589021524
-0.9215608928,6.3761768986
-7.9594714549,6.2183677116
4.6023383981,3.1998191327
-6.6038754167,-2.8405590973
4.1588773979,4.6659867178
-1.5307133054,6.6496978927
-1.5541599483,5.2791778523
-5.8612302561,-7.0856028274
-7.3241200737,6.0561107576
2.9407985559,2.6935689709
-10.0898123249,8.4695675879
-8.3281243964,-4.4363600459
2.5350380558,4.0713952434
-8.8120886173,-6.4410363701
5.9645435019,1.8564138884
-3.1876571019,5.3784671383
1.9351693218,-0.4030342306
-6.8012394554,-8.4710171929
-8.4046518840,-7.2462303038
-5.9465222057,-4.8867096140
-9.0239267768,8.0102313304
-8.8155533428,5.8613130516
-8.9062387405,-8.8637965284
2.2256453595,5.2542295212
-6.7518130167,-11.3668135496
5.8775262332,0.6724743604
-12.4262620631,8.5906844792
2.5619086976,3.4135007122
2.8850035827,-2.3352236360
0.1389837374,9.6217586946
-2.3528959671,8.9203964363
-2.5405500140,9.1902772032
5.2394107639,0.9961343433
-9.1768123277,9.4070594599
-1.2583143912,9.7030562470
5.1246304075,1.7517658045
1.9283279017,4.5233119285
-6.6950411949,5.1123247174
-10.8332487997,-6.8750463334
-1.6289119824,12.2999695669
4.5178994831,4.6193162457
4.9769059249,3.3720559318
-1.9524788130,8.1083083481
-0.2750027380,5.8868526498
-2.1251530216,10.4883226041
-1.1347061110,9.5340188420
-9.7093002105,6.4064450444
-4.1536102534,6.8542098043
1.2558164796,0.3311271618
0.5248400719,4.9396410821
4.7724891657,4.1894648055
5.6393475876,2.6670566232
-7.5596247915,5.4797475188
-5.1105428816,7.7206858820
-0.6255634347,7.6723751749
-6.3878954319,-5.4937043840
-0.7475593368,3.5184697655
-7.2133395363,-3.8098162997
5.4881433047,-0.6679744548
-9.0848305655,7.6416629451
-7.6249488525,6.4468399777
-9.2367345971,6.7237055575
-5.0788297034,-6.6695697885
-5.0706354163,-5.7139985641
-9.5707385203,8.2735131546
-7.6505387911,6.4675622702
-6.5176442888,-8.6066307187
2.3513943644,3.8670458391
0.8146574633,4.4441651974
4.0671436976,3.7060124466
4.6890743293,0.8354266819
-7.5013722263,7.3298677040
-8.8275600563,4.1938064279
-7.0456252440,-8.2250729342
5.1186406019,3.9838453530
1.1611492219,4.9660724058
-7.6990554254,6.8858849671
-6.4161595706,6.8404806838
-6.2274720943,-6.1669635695
-9.4341207309,5.6701183048
-6.4238992977,-5.7977658356
1.3503582272,2.3392423521
-9.6944562502,-5.9505424243
2.5298363978,2.6725845458
-7.4016403349,7.6349279426
-8.9093838105,4.9502577705
-5.8154150909,9.2594896069
0.0000346667,4.1849749106
6.2768440171,2.8868768653
-5.0234699891,-7.5660620759
5.1476046014,1.5300675687
1.0362414039,4.0880040096
-9.8435005573,9.0810997876
0.5955236793,3.6487188256
4.1023686082,1.0018569755
1.4688910763,4.4821647468
-6.2133297002,-5.2281251567
-2.8710517098,9.5423692230
-1.4427576707,9.6806810954
-0.0886307195,9.6945875805
1.5950448283,4.0021604209
6.0879750631,3.8273657667
2.9848289270,-1.2561662055
-7.3062041656,-4.4942364843
4.9314552886,1.4434202447
-2.4815700543,11.5289420966
-0.4327883953,9.8601498083
-0.9091855887,10.7682295139
0.8720041779,4.2635599598
-2.7977390702,9.4666071417
-9.2218670248,-4.6249798506
-5.6940693471,-6.3700326514
-7.1138197283,7.7683883233
-6.8608782083,-2.5775050098
-2.4559855532,-5.0130902222
2.7874867767,3.1874043265
-2.3626834752,7.8547714524
5.3395238099,1.9197074605
-8.0346212904,-8.8242845897
-11.7434568104,6.1814900108
-1.3708047384,9.4360732642
-7.4139358996,7.2344001436
4.6109882666,1.5788334401
-9.3942019002,5.3014522476
4.6878850598,0.8430428784
-7.0005268151,-8.1296936788
8.1188731462,2.5631464430
0.5850303967,2.9899826632
-9.6267741576,7.3721334355
-8.0318829022,7.9658022872
-9.5300823547,8.4583699279
1.6847231097,3.3120656914
-7.5638084324,-6.6079696631
5.9008088760,2.7932700362
-5.1930971513,-7.3812254397
1.9624586592,2.0550922065
-0.0763174074,1.8810213676
-8.8892155955,4.9313889783
-2.6521409216,9.4328184169
-7.0547760648,-7.8334463554
2.0511687430,0.9568227054
5.0409673073,2.4557163932
2.5628533087,2.7954839251
-6.6018638859,-6.2419422970
-10.4075093842,8.0336340391
2.2285390397,0.8290825161
-5.2701601195,-3.3343008513
-8.3954078457,6.1587742048
-8.2843867533,-7.8817789280
-6.1206788610,-7.9725178969
-2.1880570069,7.1456779601
-3.7998176710,8.4374528119
-7.8087974241,6.0651839045
2.5140168452,5.5901687914
0.8915070643,4.7354318831
-3.0506468718,10.7532808332
2.6210724510,0.7442828944
2.9637096812,3.7421903610
-0.6994341733,7.7888826217
-9.8062799872,-6.6647276885
3.9007257278,4.4034008699
-10.6188178391,8.9102441867
-2.1018293673,7.0991632645
-10.9315005138,6.2616565045
2.5292335661,3.2730902887
2.2283872956,2.2502805523
-3.4283806588,8.4327337883
-7.7899249579,-6.1935797142
-8.3169853359,7.4535694646
1.3508420818,9.1031137792
-8.0962692760,7.8986754626
5.6491706902,2.8608908846
-2.3213608691,8.3701778165
-9.7316301594,8.6743225315
-3.1774514052,11.1943628439
-0.3387307965,9.3091182930
-6.4540006557,-8.3619196046
-3.7425282164,9.3798169454
-1.2889217970,7.1679896535
1.3714900404,6.7446842026
-1.2025105679,8.5252508299
-8.6096529570,-5.1741377797
-4.0410468487,10.0768207991
-8.8746770074,9.1271997875
2.0728788172,4.5643419275
2.2835646081,0.2830184806
-7.4054239008,7.2654085730
-3.2395524616,-6.2306698552
5.7480945576,2.8962209100
3.9603907364,3.0376939660
3.8537462393,2.2017019920
-2.7462094709,8.3739645233
3.9432724428,2.6662610238
-8.3590407505,9.8039488182
-1.5973528585,9.2941998129
-9.2451219144,-8.0843462592
1.5417226457,1.4923531602
-7.7020303835,-5.6301087256
-0.6400698343,5.9042007796
0.7085366251,2.9527520736
4.3591624387,3.4517646775
1.6807208126,5.2346912011
3.3703039754,4.2179964156
-11.0842142244,9.2449322805
-7.5300322565,6.8508928187
5.7889992538,3.8135695198
-0.1398394045,8.2299960875
-6.4586725844,-4.2421788670
-7.2980715866,-7.2997498460
2.5239580071,6.3785594035
1.5062042998,3.5996503298
4.3001526880,0.5340108289
2.2426923084,2.6664286831
-5.3624326380,-4.8678957200
-2.0695889131,7.9427590012
2.4524614034,3.9406436379
-1.9725165825,9.8554629178
-7.0110356890,8.9095753736
-5.7808890370,-6.4470240990
5.5722366710,1.4187541799
-2.4018482672,8.2977999581
-6.0816178929,-6.3376180014
-6.1292664870,-7.6805100529
4.7987205159,2.8497891546
-5.3147140766,6.2494577611
5.0802157345,-0.0617030230
-8.7872866400,7.4905818183
5.1658239851,2.7069503792
6.4184350682,3.0515996499
-7.7893822735,-6.1962533005
1.8400689092,3.4844402187
-2.8778122192,8.6052007736
-8.5178726402,-5.6279826038
0.8484023387,5.2220000953
1.0954801829,0.4585736269
6.5963892005,-0.5205682981
-8.5975933207,10.6423194746
-5.5365940450,-7.8274761870
6.6375907901,6.2016254062
-1.1597978099,9.4752354095
-8.4728419211,5.6882103053
-5.7064321889,-8.0664586658
1.7816711619,7.9128023028
-7.1630770933,7.6031471701
-2.5369673270,8.5812981698
-5.3531349909,-6.4728666270
-9.0515475620,7.8315538924
-6.1505727570,-9.2010655767
-2.9061828729,13.0945398781
-1.0894292917,4.1283992599
-6.4382909976,-7.2317212938
3.0023275220,1.3925201302
-7.5513064637,6.0812285061
0.5096271360,1.0326047393
2.2464843694,5.3175768703
-3.9736883022,10.7853972914
0.7963783480,1.6866280400
2.2987638310,3.5314099650
-2.5386543214,9.8430210598
3.9066047035,0.2937435340
1.3494859801,4.5192839866
3.0286671073,5.0671373363
0.6816812062,3.5795041026
4.6735776754,2.7938483567
2.8584812077,2.4379007493
-7.9336857292,6.0477199974
-2.6776896976,8.6828317289
-4.8351927697,9.1171305904
-6.2312327652,-6.1750433122
-10.8976169339,7.8507427660
-2.0123024759,10.4776038189
1.9914593988,4.5952270656
-2.2225490210,9.0839409504
-6.3214689822,-6.2963707998
-3.4117575414,11.7927034050
-7.0739030614,-6.0103236653
4.2707851040,0.7082997910
-3.8434692675,7.7905707008
2.6226540182,4.4639309136
0.4454701902,0.3637975815
7.7510028409,0.5940927966
-4.3865067593,11.1799330343
-6.7911508588,-6.2098008421
-9.5278129150,5.7037592438
-8.6284969074,8.8177002379
-6.3508697386,-7.7356366429
-9.2119355236,4.8141820635
-2.3597205754,8.2590726470
-8.3127724321,6.0570368597
0.3138391217,11.0324161974
-7.2638968199,-7.2423557621
2.6763088977,5.4272108204
2.3947879486,4.2786281588
-7.2182436679,8.7377056867
2.4871424039,2.2510732330
-5.8205088204,-7.2441315085
-6.3284046929,-7.3504041225
-2.1966234111,5.9516838256
-7.7703443033,-7.1285567088
-8.6828514803,-7.4736306609
-5.8565490926,-4.6492403603
-7.3710986332,7.4777046662
6.2301936975,6.1126597423
-6.2494854555,-5.9698337035
-5.4159021121,-5.5024279274
4.4896477215,1.6676590587
-3.4863246285,8.2884573771
5.2227467430,5.7126689601
2.8494235886,3.3519009444
1.1722425728,3.2617194650
-1.9175194095,8.3828094070
7.7336662151,0.3718703126
-0.7073767398,8.4021730687
-4.0731794281,-6.2956883272
2.3563400569,3.6422022464
-0.7575245306,9.3959173932
3.5950242114,4.8931137875
-6.7617616466,-10.0732107349
-10.6642517950,7.5627166757
3.7197748409,1.5194651542
-10.9201305823,8.4693134429
5.1378493321,2.2589192036
1.4224502497,3.0436999004
-8.2451962786,5.8871694830
5.3763412637,3.0754863630
2.8253367220,2.8730627789
3.8891479754,7.5086999225
7.0656976987,2.1297035902
1.6363502339,5.7846200254
2.0354757172,3.8049265805
-10.8984320901,8.1033761248
1.2843648776,6.1535368894
-7.6173564663,7.5164490911
-4.6642255520,-8.6317789202
-6.5545275875,8.9328438284
-2.4079053160,6.8771638489
2.6933911405,3.4096003942
-10.0069668657,7.6283768474
4.6000969474,0.6503577071
-8.2830099217,8.1999941652
-4.9008391112,8.1152235938
1.3790283465,4.7852068103
-5.5758953024,-7.5634188823
2.1490579534,5.3584433803
-1.3737146981,7.6310381419
-9.5251003359,7.0844795673
-7.2841962801,5.1890605276
1.5261378908,3.3962103354
-1.8890452682,11.8294798470
5.6155539750,-0.2814507687
2.4651490974,3.8041010433
-3.9208139260,-8.9590915069
3.4625313666,2.9455903347
-4.1656676666,-7.2071784364
-8.1039530580,-6.7628949988
2.9033877846,6.2827324884
0.8089971339,3.3746495508
-2.4521924058,9.1943331183
-2.5612652776,7.2612690718
-0.7644519948,9.0296357197
4.0900012680,3.1541832455
-5.8815019556,-3.9682834386
-4.7802352234,-8.8933012160
0.8838441865,2.6933403015
-6.9478955591,-7.5164640934
3.1035985997,4.7543085334
-9.7436613224,-4.9026561060
-6.1255099799,-10.6200158238
-7.4967671018,-5.1492584919
-1.9965636594,11.8285423870
0.5631534597,4.7713846073
-2.2144158685,10.0777917646
1.5322903636,4.3485797054
-3.8349837774,9.2448737871
3.3074063671,4.7585238807
-2.8826438458,10.4716425546
-1.7578218416,7.5479532610
2.3502891950,3.4919707831
4.6307724689,3.2309058456
-1.5900367655,7.4341627834
-5.2705089701,7.0949206781
4.0576136084,2.2287940175
4.7365904584,-0.9900301656
-4.9907773315,-5.1604482877
-6.9905864865,-6.9936079998
-7.6764486331,-6.1542946165
-6.3551521202,-9.2273137503
5.2055294271,1.9292754634
-4.0116276379,8.5926356889
-2.0428362747,11.2273204536
-3.7365286479,12.1528670417
-7.6768090182,-9.2318987313
0.5246389555,6.5963365917
-0.4101644682,10.4012366526
2.1416605373,5.2996881802
-9.8571737364,2.9521389308
-8.8472598205,8.4995270845
-9.0260893992,8.5938460713
-1.8491759480,8.2612047917
6.2685583236,2.1201444141
3.0541996929,3.2419766490
-8.8190847913,8.0432634685
-9.7219959558,5.9201284674
-3.8995933304,8.9249980941
-1.4863603886,11.7843471168
2.7004019923,3.6274904293
3.9152872587,2.1933592019
-5.3684612314,-8.7624935953
4.6401894336,1.9592192022
-4.3650376503,-8.2983699132
-6.4929983809,-8.7427504565
2.4833186599,3.7898229286
4.6504735742,0.9826879747
-1.5338958561,8.8655223325
6.4714293795,2.8463162391
-5.5871730044,-6.6715189953
3.9960122058,2.8559995886
-9.1013954405,8.0607813864
-2.8772797971,7.8836818817
4.5900338503,1.6609943980
-10.6025877615,8.0548633611
-1.0327140253,8.6933028619
-6.5870897151,-8.0175326966
0.4259702246,4.1466843429
-11.8660595532,7.5411185344
-9.1586463044,-11.1283429904
-8.8265074796,6.8351063373
-6.5360151588,-5.2686325742
-8.0777973484,7.2374298679
2.5628903274,4.9178833360
1.5441777620,2.6167337831
-8.4996854720,7.3499427934
-2.9916501999,12.1294081035
-4.0154087732,7.8625897805
5.9305890688,1.0985535261
3.2917027637,-0.0223007547
-2.6054051429,9.5074297437
-8.9322871226,7.6882081033
3.6377431558,3.4612332082
-3.4241690630,-9.0992759280
-6.2037220719,-9.6848341026
-5.0788994167,11.0450946894
-8.6026358781,7.5878076493
-1.6443621785,9.4811613600
3.6538658741,5.1988794186
1.2141589788,3.7790311003
-10.0101677191,-7.7570361893
-11.5850450741,5.4808571686
-2.3931451616,7.7223598262
-8.4977760383,6.8374206527
-3.0232290142,8.4571248292
-7.6415620868,4.5345177580
-6.0353059009,-8.1998311235
-3.6949093062,9.7214886639
-7.6049694169,-7.7983599690
-7.4133040136,7.6880299986
-6.3732605229,7.8644947527
1.9084930588,1.6344501901
-6.7538872493,-4.7644208755
3.5664610688,3.6561088657
0.0262425379,0.8944999576
3.5572725062,2.2384009921
-2.3954907858,7.9985435609
4.0815686721,3.6062926135
-6.6450338486,7.9964765623
3.1409254878,1.2160073021
7.8962929125,1.7093409653
-10.7993824300,4.9267147138
1.0421058913,3.5816391321
0.4811949076,3.6015491870
0.6453360779,6.7582060036
-1.2482322996,8.0353501592
4.0293243668,3.0026473694
4.3263439503,0.6973890026
-7.5000354913,-4.0485781073
3.2889477343,2.9307575724
-1.8898004416,8.1686992990
-0.2245115071,9.8226511937
-7.1289944526,6.7424799687
-7.0539707558,-6.5580398185
4.0485787309,3.1809328450
3.0090099279,0.3444319906
1.4363675153,6.6797924844
-7.4973622446,-6.6822176431
6.0695837871,2.4038559317
-3.3038379287,9.7841872779
2.4065561434,5.9514180648
-11.1946499423,9.3568823191
-6.9593081707,-5.0447562696
-2.2106080797,8.1139608125
6.1373451835,1.3257392149
-7.5788319600,5.2872466057
-1.4417753059,7.3273229904
3.3254589858,2.3819469153
4.8238843102,4.4101873716
6.4348260662,1.0584953275
-0.1879398211,11.7081026378
-7.0468904319,-8.0875593146
6.1759726249,2.8619601077
2.4684933145,4.3706982501
4.1760652207,0.8449350756
0.4117672465,4.2830753703
3.4567427380,7.6484615147
-10.9211415874,4.9231162587
-7.2243266370,-8.1572192447
-5.9870829924,-7.7162441729
-0.0417460528,8.6407320689
6.9325814758,2.7349233184
-7.4353893390,-8.9884601220
-7.8823407321,9.7479729796
-9.5162518145,6.1395151569
-4.7819842164,11.0645975294
-8.6488564574,6.6198266342
-5.8565229561,-6.6908427378
-2.6144461902,6.5228447279
-5.2557697673,9.0999078833
5.6342007392,3.7333804702
1.9367384846,5.9374327207
-8.6111711935,-9.5078528034
-7.9740308959,-6.3379836174
-8.1820662890,-6.0781659641
-9.3783866598,6.2314072687
-0.6312752207,4.7115711678
-1.4475697199,8.1705859644
-7.9565055273,-7.2258965310
-8.8358992096,7.9456822517
-6.8942331640,5.6627876903
-3.2134092020,9.8281261936
5.3237104944,5.2206732013
4.2942777649,0.5868199675
0.4773418227,4.2305703884
2.8779319949,3.6643044990
6.4310429408,0.5014213872
4.0064169352,3.9077675275
-0.7720313128,10.2017801691
-3.7680239079,8.5504675644
0.1200950274,3.9090628542
2.1766763206,0.6903854569
-8.0534929780,5.4930418806
-1.0121824583,4.6699030609
-8.4875557180,8.8766880401
-11.9517097703,7.1944183763
-7.4396754502,6.7008724821
-1.6130975183,10.0660452417
5.4066827355,4.0336575017
-3.8922972378,-8.1282015506
7.2303246131,1.3737154055
-8.3857777433,7.5868272599
1.8843650610,4.1854894794
-8.8717781822,6.2901946016
-7.0768360847,-5.6410388361
3.8836090897,1.8508856743
-5.4969249382,-6.1560777625
-2.7598747435,9.2343566578
3.5772686859,-0.2974019050
-10.2903963944,6.8580613574
1.7580999795,-0.1878192639
1.4622475974,3.4111548303
-1.9667435855,8.0466064963
-1.9330994496,8.9652440061
-2.6697431630,7.4614226446
-5.1100393786,-6.5889481468
-10.9921920424,5.3497991909
3.7935074382,2.2499966387
4.4832050084,1.7199370992
-1.4862681661,8.5488859933
-3.0973598528,6.8190137060
-2.6826700466,8.5626305848
3.6709325675,0.7743816740
-4.2464136437,-4.5205800055
-11.4949305863,8.0308364861
-6.1212433284,-4.6464399308
-8.4525293011,6.9625251537
-9.1922025506,6.7131950487
7.1500569717,3.9838612616
-8.9289333504,9.0151932914
5.3779071082,1.1841174199
2.7082866565,7.3087837677
-9.0488903450,7.7849419178
-8.2134884335,-5.4471587559
-7.6730937532,-8.4649460574
-4.3646236894,7.0336012086
-7.9247849188,-6.0070697426
-7.1583958194,-6.4151111185
-4.9505112799,9.0864135482
-0.4359591365,9.9873509596
-6.1565271001,-6.3270098723
0.7961880332,4.6433887621
-0.2179644325,0.9755301819
-2.3939647865,7.0897977919
-7.7914400822,-7.6887936480
6.7692833430,1.0725343353
-1.5276491385,8.9309091218
-7.2259267519,-4.7002185983
-3.6320430894,-5.0942867018
-6.5007739222,-4.8033115219
4.1088177698,1.1127670246
-1.5213812140,12.0295929363
1.4570964877,1.0614367033
4.2954674474,4.7340528094
-7.7607016214,7.0869024407
-3.5587858850,9.3352559943
7.7241895311,0.3183571354
-4.5935563232,6.5461880078
-0.1301723988,7.1575628800
5.3908774183,2.0478302147
3.6362697282,3.5330267150
4.5791883748,2.4992828685
5.9702099214,1.3420269934
5.2999425774,3.1313785414
-6.2256641069,-10.6784787211
4.8512082066,-0.6794893644
-2.0552444252,7.8828723532
4.3655341746,4.0354843127
4.0522416127,0.5895544072
2.6980438205,3.7688141206
3.5829465738,1.2288784004
-3.2433567868,10.5805274438
-1.5706966014,7.7285497936
-2.0892446836,7.3260525573
-10.3170334696,6.8972902686
3.5654537220,4.9139791237
-7.7990413803,8.1973798937
-7.5461729682,7.7004978879
-2.5588880824,11.7061229235
-3.0528590352,7.3347812863
0.7377774574,3.2440009509
-3.4571494363,-7.8065721087
-5.6950412095,8.2256535957
4.7416621020,3.2523301966
-6.9604844647,-8.3535649638
-6.9438622631,-6.7930754911
2.1372138405,3.3938062190
-1.3516495571,4.7414721973
-2.3511343638,7.0132478858
-0.6882618575,3.7491836049
-5.0333154214,-4.3525881752
1.8049823919,4.2260128622
5.1299959831,2.4238812234
1.8500968617,5.0116091452
2.7242258681,2.4060304963
1.7667215868,2.9422161704
-9.5807759772,6.5771641680
-5.7444441712,-5.9614064023
-8.0104987989,8.3438682281
-7.4571599087,-6.3056261162
0.1974290287,2.4791563348
-8.2226466747,-7.4922608520
5.1555606586,1.9001911566
0.2406523750,3.5654666771
-2.0754446572,12.6972363381
6.2913182887,4.9106908653
3.9688959927,3.8946942265
-5.1043866908,-8.6471708943
-6.9149554175,-7.1416409801
1.9967911231,4.9189831883
3.5261729577,-0.0068640829
5.2947185425,3.3290719456
-8.3030019724,-4.2590647964
-10.6073814391,7.5819044951
4.3154220107,4.0398826088
-1.4739816355,8.4124554204
1.9544187819,2.3117995984
3.4805623345,2.5837481146
3.4235925694,0.0868028956
-7.0507665110,7.1979459757
1.0800846261,4.3098522365
-0.9626983393,10.4112063069
-7.0461834638,8.6654936969
3.6776484727,2.7049781112
-0.9637724420,9.3724698667
2.4240656917,2.9261491000
-5.8105591479,-9.7048349054
2.7740839831,0.9338118872
-6.5431177060,-5.5240832611
4.1087587719,2.1274960386
-12.3188011540,8.4974676550
-7.3355904761,6.5771666579
5.6831854726,3.2468228501
-9.9103487721,8.1054427730
-8.0930173709,8.9281800980
6.8789116897,1.5664842824
-6.0327183023,-8.4096061013
-10.5295719051,9.0153864054
-6.7419984645,-6.5017489986
-5.3086506312,-5.1257246046
1.4744387686,1.6546968972
-0.1834340920,2.2672968924
1.4541604800,7.2854420391
4.3760972296,4.4653749325
-8.4374429224,-9.3270233165
3.7620601844,3.4025022574
-0.6711645241,3.6663162684
6.0695664043,2.7427978141
2.3092406872,3.2000041710
-5.5919505162,-7.2320404482
-4.7269806086,7.9345198156
4.0639219283,2.3484699933
-5.6073658722,-8.7288945654
-0.5985322656,4.3033831229
-7.9861729489,5.7490396671
4.9244380876,0.9801964172
4.1469511226,2.8779508306
-8.4983013839,6.4811862960
-9.0638084470,6.8334785957
6.4813823249,0.1587081559
-6.1757258064,-9.1834677781
0.6036936859,7.9805044011
-7.3701531676,-7.2002947623
2.0660859908,5.2084126011
2.9726919008,2.3429268516
-3.9877866926,9.7703559015
-0.2427615831,3.8306442122
-7.0200814743,-4.8914146220
5.0405688127,2.7362572188
1.1206104059,5.9103263363
5.6567676432,1.2413025717
-8.4197019691,7.7608684305
-9.4208481641,6.8650942489
-8.7717895604,4.7049617662
5.8312758557,0.0917355492
-8.8003105477,-6.5958898614
2.9365893027,1.8283909552
0.0166939141,8.3259597339
5.4520729285,3.1119024244
4.1702917904,1.9721067921
-9.0365326400,6.5379259613
-2.5694345490,6.8681234750
3.8469538136,2.8527157121
-1.7993411862,8.9050427592
-7.6104315729,-7.4079915700
5.4773692050,2.0871777711
2.6364580308,3.7464438983
-8.5311894330,8.4723403347
-3.3932447585,10.2886892737
-10.0325329614,5.8984276693
-3.6540863579,6.3069629772
5.6800972041,1.3851507241
-4.9603491865,-10.2053378523
-2.8916634492,11.2702756111
-10.2369740411,-10.0611598222
-6.1796207182,-4.5986002525
-7.2941415342,8.6319959855
-4.8850518583,10.1549081124
1.2443001554,5.4412538735
3.3560309720,2.4788249016
1.5708297663,3.2142960147
5.6487393880,4.8229925863
-2.2528994659,8.7383111237
3.0307403469,1.9107367322
-9.7223261038,6.6355649613
3.8140735620,0.1421010451
-8.6846007934,6.5992815293
4.4876124985,4.7481433713
-0.9753419750,12.6739147377
-10.6121182213,-7.8674822118
5.6237300010,2.2652739760
3.7365607457,2.6763310681
-4.6833613330,-5.3848214331
2.9650921763,3.8268871140
-0.1834468838,7.5167550671
-0.5509794123,9.0457918906
-6.1172242316,-0.9907530336
2.3827982752,3.1132536295
-3.9565828139,10.0433633182
-2.2048130918,6.7406699557
5.1361991845,3.2234631264
-7.1923774753,4.9750508681
4.2431065743,-1.0326238627
-7.2942081052,8.5185758061
-5.8546337019,-7.1940803226
-11.0037341499,6.5991581563
-0.9997584092,8.1489483239
4.8549556443,3.9150885784
-2.9133078747,10.0905995119
-8.9344444029,8.1279592798
-2.8443918010,10.0852868693
-2.6165995122,8.9584527734
-11.6011744161,8.6616243151
1.9784756261,5.3241242383
-0.3107244697,8.6756216775
-3.3743546189,10.1473729669
-6.9818471204,7.8931743696
-9.5564656139,7.8627366118
7.6333800709,6.6380475179
-11.0644127540,7.0108205997
-10.1335681641,7.2767176821
-10.1693219449,8.4812171814
-6.6166970228,-8.8851977516
4.1601075513,2.2008066723
-7.6587217489,-7.3914714093
-0.4778448753,1.9193173362
-7.7418892921,6.3475331744
0.6740366725,10.5629840190
1.7697228512,3.6724328122
-7.7550261807,-5.3225413167
-8.8632432701,7.1647947793
-8.0653862742,6.0721002004
6.4257870884,2.5514595076
3.9288982239,2.6913581032
7.1317676580,1.2875252991
3.0667845280,4.5796512745
-3.0128746720,11.5178184161
2.6191894019,0.5157486262
-8.2540383420,-4.8469453916
-1.2040960270,9.7578089602
-10.3310504794,7.0512681723
3.7050924921,3.8814331125
4.1989284147,1.8657708062
-8.6748101608,-5.5395630592
0.0409827018,5.3185542483
1.6709291207,3.0950350681
-10.6037709258,10.0543387774
-10.1645097486,-5.0882212625
1.7994568358,2.2931102450
3.0686806904,2.9073140506
-9.5704659380,-8.9132808479
-6.6856966578,6.8025694821
-8.9574103932,6.8728239924
3.9600062227,4.1518709856
-6.7602303976,-6.0490229366
-8.4208048047,6.5597028716
5.4812580081,1.5299492069
5.1031283551,4.5264921009
-2.5146014317,7.2767390944
2.3635440485,5.1154031820
-5.5655570024,-4.6711035796
-5.4166585034,-6.1066674606
-3.3726543624,9.1973008502
-7.3587629978,6.2555630746
-7.0347740276,-8.7386886471
-10.8737311112,7.6582524976
-1.7144913562,11.1766390592
-8.1155304216,-7.9587737704
2.6685938634,2.2479275659
-9.0102890099,7.7199253230
-10.0113329954,6.1839682393
4.7248537236,2.7677088155
0.8584880001,4.2798976244
-8.0660023625,8.5534107945
